거래금액,거래유형,건축년도,년,법정동,아파트,월,일,전용면적,중개사소재지,지번,지역코드,층,해제사유발생일,해제여부,시군구명,시도명
"249,000",중개거래,2014,2021,역삼동,테헤란아이파크,12,4,70.8333,서울 강남구,709-5,11680,5,,,강남구,서울특별시
"58,500",중개거래,2001,2021,역삼동,한화진넥스빌,12,4,51.08,"서울 강남구, 서울 서초구",706-20,11680,17,,,강남구,서울특별시
"197,000",중개거래,1998,2021,역삼동,동부센트레빌,12,4,59.97,서울 강남구,716,11680,18,,,강남구,서울특별시
"335,000",중개거래,2001,2021,역삼동,현대까르띠에710,12,5,171.944,서울 강남구,710,11680,4,,,강남구,서울특별시
"207,000",중개거래,1997,2021,역삼동,대림역삼,12,10,84.96,"서울 강남구, 서울 송파구",761-10,11680,12,,,강남구,서울특별시
"18,300",중개거래,2014,2021,역삼동,이스턴오피스텔,12,11,14.78,서울 서초구,735-15,11680,15,,,강남구,서울특별시
"89,000",중개거래,2002,2021,역삼동,역삼동하나빌,12,17,50.47,서울 강남구,681-26,11680,7,,,강남구,서울특별시
"205,000",중개거래,2005,2021,역삼동,역삼래미안,12,18,59.4,서울 강남구,757,11680,14,,,강남구,서울특별시
"120,000",직거래,2003,2021,역삼동,프리마빌,12,30,140.73,,727-11,11680,5,,,강남구,서울특별시
"83,000",중개거래,2002,2021,역삼동,대우디오빌,12,30,59.505,서울 강남구,720-25,11680,22,,,강남구,서울특별시
"326,000",중개거래,2007,2021,역삼동,래미안펜타빌,12,30,138.54,서울 강남구,713-7,11680,20,,,강남구,서울특별시
"215,000",중개거래,1987,2021,개포동,개포6차우성아파트1동~8동,12,4,79.97,서울 강남구,658-1,11680,3,,,강남구,서울특별시
"355,000",중개거래,1984,2021,개포동,현대1차101동~106동,12,9,177.19,"경기 안양만안구, 서울 강남구",653,11680,6,,,강남구,서울특별시
"150,000",중개거래,1992,2021,개포동,삼익대청아파트,12,11,39.53,서울 강남구,12,11680,4,,,강남구,서울특별시
"235,000",중개거래,2019,2021,개포동,디에이치아너힐즈,12,24,59.7479,서울 강남구,138,11680,15,,,강남구,서울특별시
"316,000",중개거래,2019,2021,개포동,래미안블레스티지,12,31,84.94,서울 강남구,1280,11680,16,,,강남구,서울특별시
"198,000",중개거래,1999,2021,청담동,삼환아파트101동,12,8,114.97,서울 강남구,10,11680,4,,,강남구,서울특별시
"32,000",중개거래,2013,2021,청담동,청담신원아침도시마인,12,18,27.7131,서울 강남구,122-35,11680,5,,,강남구,서울특별시
"320,000",중개거래,2010,2021,청담동,청담파라곤Ⅱ2단지,12,20,149.74,서울 강남구,102-13,11680,4,,,강남구,서울특별시
"380,000",중개거래,1992,2021,청담동,래미안청담로이뷰,12,23,110.2,서울 강남구,134,11680,14,,,강남구,서울특별시
"362,500",중개거래,2011,2021,청담동,청담자이,12,27,89.356,서울 강남구,134-38,11680,34,,,강남구,서울특별시
"40,000",중개거래,2013,2021,삼성동,엘에이치삼성도시형생활주택,12,2,27.75,경기 성남수정구,109-21,11680,4,,,강남구,서울특별시
"210,000",중개거래,1999,2021,삼성동,현대아파트101동,12,5,84.87,서울 강남구,6,11680,15,,,강남구,서울특별시
"34,800",중개거래,2003,2021,삼성동,LG선릉에클라트(A),12,17,36.16,서울 강남구,142-7,11680,5,,,강남구,서울특별시
"700,000",중개거래,2004,2021,삼성동,아이파크,12,25,195.388,서울 강남구,87,11680,3,,,강남구,서울특별시
"299,000",중개거래,2008,2021,삼성동,현대힐스테이트2단지,12,29,84.236,서울 강남구,50,11680,16,,,강남구,서울특별시
"248,000",중개거래,2003,2021,삼성동,아셈,12,30,109.32,서울 강남구,108-1,11680,5,,,강남구,서울특별시
"330,000",중개거래,2015,2021,대치동,래미안대치팰리스,12,7,91.89,서울 강남구,1027,11680,18,,,강남구,서울특별시
"318,500",중개거래,1983,2021,대치동,개포우성1,12,8,84.81,서울 강남구,503,11680,12,,,강남구,서울특별시
"420,000",중개거래,1984,2021,대치동,개포우성2,12,9,127.78,서울 강남구,500,11680,4,,,강남구,서울특별시
"85,000",중개거래,2004,2021,대치동,테헤란로대우아이빌(891-6),12,10,59.83,서울 강남구,891-6,11680,6,,,강남구,서울특별시
"382,000",중개거래,1983,2021,대치동,한보미도맨션1,12,13,128.01,서울 강남구,511,11680,12,,,강남구,서울특별시
"33,500",중개거래,2003,2021,대치동,대우아이빌멤버스(891-26),12,13,35.236,서울 강남구,891-26,11680,9,,,강남구,서울특별시
"375,000",중개거래,2015,2021,대치동,래미안대치팰리스,12,14,94.49,서울 강남구,1027,11680,4,,,강남구,서울특별시
"405,000",중개거래,2015,2021,대치동,래미안대치팰리스,12,15,94.49,서울 강남구,1027,11680,25,,,강남구,서울특별시
"390,000",중개거래,1984,2021,대치동,개포우성2,12,16,127.78,"서울 강남구, 서울 강북구",500,11680,8,,,강남구,서울특별시
"500,000",중개거래,2005,2021,대치동,동부센트레빌,12,20,161.47,서울 강남구,670,11680,13,22.02.07,O,강남구,서울특별시
"500,000",중개거래,2005,2021,대치동,동부센트레빌,12,20,161.47,서울 강남구,670,11680,13,,,강남구,서울특별시
"193,000",중개거래,1990,2021,대치동,현대1,12,27,84.27,서울 강남구,992,11680,4,,,강남구,서울특별시
"150,000",중개거래,2001,2021,신사동,압구정대원칸타빌아파트,12,5,59.73,서울 강남구,659,11680,12,,,강남구,서울특별시
"60,000",중개거래,2011,2021,논현동,이산,12,8,64.23,서울 강남구,194-22,11680,5,,,강남구,서울특별시
"23,000",중개거래,2013,2021,논현동,한양수자인어반게이트,12,8,16.2,서울 강동구,221-7,11680,8,,,강남구,서울특별시
"178,000",중개거래,2004,2021,논현동,한진로즈힐,12,14,84.94,서울 강남구,105-4,11680,7,,,강남구,서울특별시
"39,300",중개거래,2004,2021,논현동,마일스디오빌,12,15,36.29,서울 강남구,58-2,11680,5,,,강남구,서울특별시
"108,000",중개거래,2021,2021,논현동,펜트힐루논현,12,30,43.392,서울 강남구,211-21,11680,4,,,강남구,서울특별시
"450,000",중개거래,1978,2021,압구정동,한양2,12,4,175.92,서울 강남구,493,11680,8,,,강남구,서울특별시
"602,000",중개거래,1976,2021,압구정동,"현대2차(10,11,20,23,24,25동)",12,18,160.28,서울 강남구,369-1,11680,11,,,강남구,서울특별시
"410,000",중개거래,1987,2021,압구정동,미성2차,12,23,140.9,서울 강남구,397,11680,13,,,강남구,서울특별시
"305,000",중개거래,1987,2021,압구정동,미성2차,12,23,74.4,서울 강남구,397,11680,9,,,강남구,서울특별시
"360,000",중개거래,1976,2021,압구정동,현대3차(61~64동),12,28,82.5,서울 강남구,443,11680,10,,,강남구,서울특별시
"158,000",중개거래,2012,2021,세곡동,세곡푸르지오,12,3,84.84,서울 강남구,533,11680,1,,,강남구,서울특별시
"195,500",중개거래,2014,2021,자곡동,래미안강남힐즈,12,25,91.96,서울 강남구,611,11680,3,,,강남구,서울특별시
"240,000",중개거래,2021,2021,일원동,디에이치자이개포,12,22,84.64,"경기 성남수정구, 서울 강남구",743,11680,13,,,강남구,서울특별시
"165,000",중개거래,1994,2021,일원동,푸른마을아파트101동~111동,12,29,59.76,서울 강남구,719,11680,10,,,강남구,서울특별시
"130,000",중개거래,1992,2021,수서동,신동아,12,6,39.51,서울 강남구,736,11680,15,,,강남구,서울특별시
"180,000",직거래,1992,2021,수서동,삼익,12,7,84.48,,708,11680,7,,,강남구,서울특별시
"165,000",중개거래,1992,2021,수서동,삼익,12,16,60,"서울 강남구, 서울 송파구",708,11680,3,,,강남구,서울특별시
"111,500",중개거래,1993,2021,수서동,까치마을,12,17,39.6,"서울 강남구, 서울 동작구",746,11680,1,,,강남구,서울특별시
"111,500",중개거래,1993,2021,수서동,까치마을,12,17,39.6,"서울 강남구, 서울 동작구",746,11680,1,22.05.06,O,강남구,서울특별시
"150,000",중개거래,1992,2021,수서동,삼익,12,20,49.2,서울 강남구,708,11680,13,,,강남구,서울특별시
"180,000",중개거래,1992,2021,수서동,삼익,12,20,84.48,서울 강남구,708,11680,6,,,강남구,서울특별시
"44,500",중개거래,1999,2021,도곡동,현대비젼21,12,1,35.48,서울 강남구,467-19,11680,12,,,강남구,서울특별시
"387,000",중개거래,2004,2021,도곡동,타워팰리스3,12,1,163.567,서울 강남구,467-29,11680,35,,,강남구,서울특별시
"45,000",중개거래,1999,2021,도곡동,현대비젼21,12,1,32.65,서울 강남구,467-19,11680,23,,,강남구,서울특별시
"270,000",중개거래,1998,2021,도곡동,현대파크빌라,12,2,228.63,서울 강남구,192-2,11680,1,,,강남구,서울특별시
"335,000",중개거래,1999,2021,도곡동,대림아크로빌,12,13,177.255,서울 강남구,467-6,11680,30,,,강남구,서울특별시
"435,000",직거래,2006,2021,도곡동,도곡렉슬,12,15,134.9023,,527,11680,13,,,강남구,서울특별시
"407,000",중개거래,2003,2021,도곡동,타워팰리스2,12,24,164.99,서울 강남구,467-17,11680,3,,,강남구,서울특별시
"211,000",중개거래,1983,2021,도곡동,삼익,12,28,104.01,서울 강남구,869,11680,10,,,강남구,서울특별시
"293,000",중개거래,1999,2021,도곡동,대림아크로빌,12,29,172.467,"서울 강남구, 서울 서대문구",467-6,11680,8,,,강남구,서울특별시
"45,000",중개거래,1999,2021,도곡동,현대비젼21,12,31,32.65,서울 강남구,467-19,11680,18,,,강남구,서울특별시
"128,000",중개거래,1983,2021,명일동,삼익그린2차,12,10,54.81,서울 강동구,15,11740,5,,,강동구,서울특별시
"140,000",중개거래,2019,2021,명일동,래미안솔베뉴,12,22,59.32,서울 강동구,359,11740,29,,,강동구,서울특별시
"140,000",중개거래,2019,2021,명일동,래미안솔베뉴,12,22,59.32,서울 강동구,359,11740,29,22.01.13,O,강동구,서울특별시
"185,800",중개거래,1986,2021,명일동,신동아,12,28,127.33,서울 강동구,44,11740,8,,,강동구,서울특별시
"155,000",중개거래,2016,2021,고덕동,래미안힐스테이트고덕,12,3,84.88,서울 강동구,688,11740,9,,,강동구,서울특별시
"188,900",중개거래,2019,2021,고덕동,고덕그라시움,12,8,84.244,"경기 하남시, 서울 강동구",693,11740,17,,,강동구,서울특별시
"139,500",중개거래,2019,2021,고덕동,고덕그라시움,12,12,59.052,서울 강동구,693,11740,11,,,강동구,서울특별시
"153,000",중개거래,2019,2021,고덕동,고덕그라시움,12,21,73.566,서울 강동구,693,11740,13,,,강동구,서울특별시
"108,500",중개거래,1996,2021,고덕동,아남1,12,25,71.2,서울 강동구,486,11740,3,,,강동구,서울특별시
"138,000",중개거래,2016,2021,고덕동,래미안힐스테이트고덕,12,26,59.35,서울 강동구,688,11740,8,,,강동구,서울특별시
"154,000",중개거래,2019,2021,고덕동,고덕그라시움,12,31,73.873,서울 강동구,693,11740,24,,,강동구,서울특별시
"161,000",중개거래,2018,2021,상일동,고덕숲아이파크,12,1,84.85,서울 강동구,515,11740,5,,,강동구,서울특별시
"127,000",중개거래,2021,2021,상일동,고덕자이,12,10,59.9398,서울 강동구,521,11740,21,,,강동구,서울특별시
"130,000",중개거래,2019,2021,상일동,고덕센트럴IPARK,12,17,59.99,서울 강동구,513,11740,14,,,강동구,서울특별시
"123,500",중개거래,2019,2021,상일동,고덕롯데캐슬베네루체,12,17,59.981,서울 강동구,514,11740,4,,,강동구,서울특별시
"164,500",중개거래,2019,2021,상일동,고덕롯데캐슬베네루체,12,21,84.923,서울 강동구,514,11740,12,,,강동구,서울특별시
"95,000",중개거래,1992,2021,상일동,중앙하이츠,12,25,59.94,서울 강동구,476,11740,10,,,강동구,서울특별시
"163,000",중개거래,2019,2021,상일동,고덕센트럴IPARK,12,28,84.91,서울 강동구,513,11740,7,,,강동구,서울특별시
"133,000",중개거래,2019,2021,상일동,고덕센트럴IPARK,12,28,59.97,서울 강동구,513,11740,17,,,강동구,서울특별시
"12,000",중개거래,2014,2021,길동,청광플러스원큐브3차,12,3,13.265,경기 화성시,415-16,11740,14,,,강동구,서울특별시
"32,750",중개거래,2015,2021,길동,다성이즈빌,12,8,36.62,서울 강동구,388-7,11740,11,,,강동구,서울특별시
"12,000",중개거래,2014,2021,길동,청광플러스원큐브3차,12,9,13.265,"서울 강남구, 서울 강동구",415-16,11740,17,,,강동구,서울특별시
"10,000",중개거래,2013,2021,길동,강동큐브,12,10,12.49,서울 강동구,456-3,11740,19,,,강동구,서울특별시
"11,000",중개거래,2014,2021,길동,청광플러스원큐브3차,12,11,13.265,서울 강동구,415-16,11740,10,,,강동구,서울특별시
"9,000",중개거래,2014,2021,길동,강동와이시티,12,13,13.97,서울 강동구,414-4,11740,13,,,강동구,서울특별시
"65,500",중개거래,1998,2021,길동,동삼빌라트,12,14,59.16,서울 강동구,107,11740,7,,,강동구,서울특별시
"10,500",직거래,2012,2021,길동,청광플러스원(큐브1차),12,15,17.075,,387-5,11740,10,21.12.21,O,강동구,서울특별시
"14,000",중개거래,2012,2021,길동,현대웰하임(201동),12,18,18.528,경기 수원영통구,343-2,11740,6,,,강동구,서울특별시
"117,000",중개거래,1994,2021,길동,길동우성,12,21,84.75,서울 강동구,400,11740,16,,,강동구,서울특별시
"9,000",중개거래,2014,2021,길동,강동와이시티,12,24,13.97,서울 강동구,414-4,11740,13,,,강동구,서울특별시
"11,000",직거래,2012,2021,길동,청광플러스원(큐브1차),12,24,17.075,,387-5,11740,10,,,강동구,서울특별시
"37,000",중개거래,2002,2021,길동,신암가온,12,24,56.7,서울 강동구,414-6,11740,3,,,강동구,서울특별시
"9,000",중개거래,2014,2021,길동,강동와이시티,12,24,13.97,서울 강동구,414-4,11740,13,,,강동구,서울특별시
"10,800",중개거래,2014,2021,길동,청광플러스원큐브3차,12,30,13.265,서울 강동구,415-16,11740,10,,,강동구,서울특별시
"60,000",중개거래,2016,2021,둔촌동,청호뜨레피움퍼스트아파트,12,28,56.65,서울 강동구,64,11740,9,,,강동구,서울특별시
"143,000",중개거래,2007,2021,암사동,프라이어팰리스,12,3,84.988,서울 강동구,413,11740,2,,,강동구,서울특별시
"123,000",중개거래,2008,2021,암사동,롯데캐슬퍼스트,12,4,59.99,서울 강동구,414-2,11740,28,,,강동구,서울특별시
"105,000",중개거래,2005,2021,암사동,암사e편한세상,12,14,84.96,서울 강동구,422-26,11740,9,,,강동구,서울특별시
"104,700",중개거래,2005,2021,암사동,암사e편한세상,12,16,84.96,서울 강동구,422-26,11740,7,,,강동구,서울특별시
"116,000",중개거래,1999,2021,암사동,한강현대,12,18,84.93,서울 강동구,442-1,11740,6,,,강동구,서울특별시
"148,500",중개거래,2007,2021,암사동,프라이어팰리스,12,18,84.988,서울 강동구,413,11740,17,,,강동구,서울특별시
"136,000",직거래,2007,2021,암사동,프라이어팰리스,12,20,84.988,,413,11740,12,22.02.20,O,강동구,서울특별시
"110,500",중개거래,2002,2021,암사동,삼성광나루,12,23,59.69,서울 강동구,508,11740,12,,,강동구,서울특별시
"125,000",중개거래,2008,2021,암사동,롯데캐슬퍼스트,12,29,59.99,서울 강동구,414-2,11740,23,,,강동구,서울특별시
"119,000",중개거래,2003,2021,성내동,성내1차e-편한세상,12,2,83.95,서울 강동구,598,11740,11,,,강동구,서울특별시
"213,000",중개거래,2002,2021,성내동,파크뷰캐슬,12,9,162.1,서울 강동구,468-3,11740,11,,,강동구,서울특별시
"113,000",중개거래,2002,2021,성내동,영풍마드레빌,12,11,80.31,서울 강동구,593,11740,8,,,강동구,서울특별시
"48,000",중개거래,2019,2021,성내동,오륜아크로빌,12,13,43.06,"서울 강동구, 서울 노원구",440-27,11740,4,,,강동구,서울특별시
"177,000",중개거래,1999,2021,성내동,현대코럴,12,21,226.62,서울 강동구,468-6,11740,9,,,강동구,서울특별시
"94,800",중개거래,1999,2021,성내동,코오롱(1차),12,23,59.96,서울 강동구,196-8,11740,14,,,강동구,서울특별시
"78,000",중개거래,1996,2021,성내동,동아2,12,25,76.59,서울 강동구,424-12,11740,13,,,강동구,서울특별시
"40,000",중개거래,2004,2021,성내동,에스케이허브진,12,27,30.26,서울 강동구,194,11740,12,,,강동구,서울특별시
"150,000",중개거래,2016,2021,성내동,올림픽파크한양수자인,12,27,84.92,서울 강동구,606,11740,7,,,강동구,서울특별시
"119,500",중개거래,1999,2021,성내동,코오롱(1차),12,31,94.74,서울 강동구,196-8,11740,6,,,강동구,서울특별시
"149,500",중개거래,2017,2021,천호동,래미안강동팰리스,12,3,59.98,서울 강동구,571,11740,44,,,강동구,서울특별시
"84,500",중개거래,2004,2021,천호동,천호1차우림루미아트,12,3,84.69,"서울 강동구, 서울 서초구",47-24,11740,7,,,강동구,서울특별시
"20,700",직거래,2021,2021,천호동,아스하임,12,6,12.88,,432-7,11740,7,,,강동구,서울특별시
"15,500",중개거래,2004,2021,천호동,두산위브센티움,12,6,31.37,서울 강동구,414,11740,6,,,강동구,서울특별시
"72,700",중개거래,2008,2021,천호동,형인허브빌,12,10,75.04,서울 강동구,27-41,11740,2,,,강동구,서울특별시
"13,000",중개거래,2019,2021,천호동,엘림스퀘어II,12,15,17.58,서울 강동구,416-12,11740,5,,,강동구,서울특별시
"69,000",중개거래,2004,2021,천호동,광남벨라스2차아파트,12,16,84.92,서울 강동구,53-6,11740,5,,,강동구,서울특별시
"162,000",중개거래,2017,2021,천호동,래미안강동팰리스,12,16,84.97,서울 강동구,571,11740,40,,,강동구,서울특별시
"107,000",중개거래,1997,2021,천호동,천호동삼성아파트,12,18,84.97,서울 강동구,528,11740,13,,,강동구,서울특별시
"118,000",중개거래,2005,2021,천호동,브라운스톤암사아파트,12,29,84.97,서울 강동구,288-29,11740,9,,,강동구,서울특별시
"115,000",중개거래,2009,2021,강일동,강일리버파크6단지,12,4,84.53,서울 강동구,684,11740,4,,,강동구,서울특별시
"118,000",중개거래,2009,2021,강일동,강일리버파크10단지,12,24,84.53,"서울 강동구, 서울 송파구",695,11740,9,,,강동구,서울특별시
"105,000",중개거래,2009,2021,강일동,강일리버파크1단지,12,30,84.74,"경기 부천시, 서울 강동구",665,11740,3,,,강동구,서울특별시
"12,500",중개거래,2014,2021,미아동,푸르지오시티,12,10,18.6479,서울 강북구,160-3,11305,10,,,강북구,서울특별시
"60,000",중개거래,2013,2021,미아동,이너스내안에,12,15,84.96,서울 강북구,1361,11305,1,,,강북구,서울특별시
"63,000",중개거래,1996,2021,미아동,두원프라자,12,21,98.22,서울 강북구,1351,11305,8,,,강북구,서울특별시
"28,500",중개거래,2014,2021,미아동,푸르지오시티,12,21,37.4389,서울 강북구,160-3,11305,18,,,강북구,서울특별시
"74,500",중개거래,2004,2021,미아동,에스케이북한산시티,12,23,59.98,서울 강북구,1353,11305,6,,,강북구,서울특별시
"65,000",중개거래,1992,2021,번동,번동한양아파트,12,3,84.67,서울 강북구,133-1,11305,9,,,강북구,서울특별시
"70,000",중개거래,1998,2021,번동,삼성,12,22,84.96,서울 강북구,470-1,11305,16,,,강북구,서울특별시
"57,000",중개거래,1999,2021,번동,번동솔그린,12,23,59.82,서울 강북구,136,11305,10,,,강북구,서울특별시
"78,000",중개거래,2005,2021,번동,한솔솔파크,12,23,84.88,"서울 강북구, 서울 성북구",138,11305,13,,,강북구,서울특별시
"35,700",중개거래,2004,2021,수유동,진명,12,3,87.78,서울 강북구,180-31,11305,2,,,강북구,서울특별시
"59,800",중개거래,2013,2021,수유동,형인휴아름,12,4,73.3,"서울 강북구, 서울 도봉구",732,11305,7,,,강북구,서울특별시
"9,000",중개거래,2014,2021,수유동,수유역하이씨티,12,24,12.33,서울 강북구,733,11305,11,,,강북구,서울특별시
"45,500",중개거래,1990,2021,우이동,성원상떼빌,12,14,71.78,서울 강북구,1,11305,2,,,강북구,서울특별시
"106,900",중개거래,1994,2021,염창동,현대1,12,7,84.34,서울 강서구,288,11500,11,,,강서구,서울특별시
"106,900",중개거래,1994,2021,염창동,현대1,12,7,84.34,서울 강서구,288,11500,11,21.12.23,O,강서구,서울특별시
"122,500",중개거래,2010,2021,염창동,강변월드메르디앙,12,8,84.8789,서울 강서구,240-1,11500,13,,,강서구,서울특별시
"87,500",중개거래,1997,2021,염창동,관음삼성,12,9,59.96,서울 강서구,268,11500,8,,,강서구,서울특별시
"86,500",중개거래,1994,2021,염창동,태진한솔,12,15,58.87,서울 강서구,263,11500,15,,,강서구,서울특별시
"125,000",중개거래,2009,2021,염창동,염창힐스테이트,12,16,84.849,서울 강서구,306,11500,4,,,강서구,서울특별시
"97,000",중개거래,1995,2021,염창동,신동아,12,23,84.9,"서울 강서구, 서울 양천구",289,11500,9,,,강서구,서울특별시
"41,000",직거래,2006,2021,염창동,엠그린,12,28,59.73,,241-24,11500,2,,,강서구,서울특별시
"79,500",중개거래,2003,2021,등촌동,나성,12,2,84.7533,서울 강서구,635-6,11500,6,,,강서구,서울특별시
"84,500",중개거래,1999,2021,등촌동,서광등촌마을아파트,12,7,59.67,서울 강서구,638,11500,3,,,강서구,서울특별시
"70,000",중개거래,1995,2021,등촌동,주공10,12,14,37.67,서울 강서구,702,11500,9,,,강서구,서울특별시
"33,800",중개거래,2021,2021,등촌동,마곡루나플라체,12,21,22.05,경기 안양동안구,725,11500,7,,,강서구,서울특별시
"68,000",중개거래,1994,2021,등촌동,"등촌7,8단지주공아파트",12,22,41.85,서울 강서구,707,11500,4,,,강서구,서울특별시
"64,500",중개거래,1997,2021,등촌동,등촌동현대2차,12,23,59.97,"서울 강서구, 서울 마포구",655-46,11500,15,,,강서구,서울특별시
"150,000",중개거래,2004,2021,등촌동,등촌동아이파크,12,23,165.8299,"서울 강서구, 서울 양천구",715,11500,9,22.03.17,O,강서구,서울특별시
"120,000",중개거래,2004,2021,등촌동,등촌동아이파크,12,26,165.8299,서울 강서구,715,11500,18,,,강서구,서울특별시
"105,000",중개거래,1999,2021,등촌동,한사랑2삼성,12,27,84.96,서울 강서구,634-2,11500,14,,,강서구,서울특별시
"46,900",중개거래,1991,2021,등촌동,두보아파트,12,28,59.49,서울 강서구,365-195,11500,5,,,강서구,서울특별시
"119,000",중개거래,2008,2021,화곡동,"우장산아이파크,이편한세상",12,1,59.98,서울 강서구,1159,11500,12,,,강서구,서울특별시
"139,000",중개거래,2015,2021,화곡동,강서힐스테이트,12,1,84.99,서울 강서구,1165,11500,10,,,강서구,서울특별시
"166,000",중개거래,2003,2021,화곡동,우장산롯데캐슬,12,2,177.86,서울 강서구,1145,11500,10,22.01.13,O,강서구,서울특별시
"124,000",중개거래,2003,2021,화곡동,우장산롯데캐슬,12,3,85,서울 강서구,1145,11500,9,,,강서구,서울특별시
"44,000",중개거래,1995,2021,화곡동,궁전A동,12,4,96.24,"서울 강서구, 서울 양천구",911-14,11500,3,,,강서구,서울특별시
"145,000",중개거래,2015,2021,화곡동,강서힐스테이트,12,7,84.99,"서울 강서구, 서울 송파구",1165,11500,12,,,강서구,서울특별시
"23,000",중개거래,1974,2021,화곡동,화곡동복지,12,8,53.94,서울 강서구,354-54,11500,4,,,강서구,서울특별시
"10,000",중개거래,2012,2021,화곡동,강서동도센트리움,12,8,14.677,서울 강서구,1161,11500,6,,,강서구,서울특별시
"22,500",중개거래,2017,2021,화곡동,에스타워,12,11,29.25,서울 강서구,900-28,11500,6,,,강서구,서울특별시
"63,000",중개거래,1988,2021,화곡동,중앙화곡하이츠,12,11,74.16,인천 계양구,351-89,11500,9,,,강서구,서울특별시
"65,000",중개거래,2004,2021,화곡동,우장산롯데,12,13,59.97,서울 강서구,1148,11500,5,,,강서구,서울특별시
"56,500",중개거래,2003,2021,화곡동,보람쉬움1,12,15,80.26,서울 강서구,1087,11500,5,,,강서구,서울특별시
"29,000",중개거래,2001,2021,화곡동,태경(381-7),12,18,68.09,경기 광명시,381-7,11500,4,,,강서구,서울특별시
"57,000",중개거래,2004,2021,화곡동,유림노르웨이숲(919-1),12,20,64.05,서울 강서구,919-1,11500,13,,,강서구,서울특별시
"47,000",중개거래,2019,2021,화곡동,스위트드림아파트,12,24,49.53,서울 강서구,1168,11500,3,,,강서구,서울특별시
"55,000",중개거래,2008,2021,화곡동,창대,12,27,74.32,서울 강서구,899-25,11500,8,,,강서구,서울특별시
"17,100",직거래,2016,2021,화곡동,세교예지안6차,12,28,25.97,,924-15,11500,9,,,강서구,서울특별시
"26,000",중개거래,2018,2021,화곡동,한울아파트,12,30,29.98,서울 강서구,899-8,11500,6,,,강서구,서울특별시
"26,500",중개거래,2000,2021,화곡동,부영,12,31,59.835,서울 강서구,24-147,11500,4,,,강서구,서울특별시
"47,000",중개거래,2019,2021,화곡동,스위트드림아파트,12,31,49.53,서울 강서구,1168,11500,6,,,강서구,서울특별시
"92,900",중개거래,1999,2021,가양동,가양강나루현대,12,7,59.76,서울 강서구,448-1,11500,7,,,강서구,서울특별시
"98,000",중개거래,1999,2021,가양동,빛고을우방,12,7,84.9,"경기 안양만안구, 서울 강서구",448-9,11500,9,,,강서구,서울특별시
"109,000",중개거래,1999,2021,가양동,가양강나루현대,12,11,84.98,서울 강서구,448-1,11500,12,,,강서구,서울특별시
"137,200",중개거래,1993,2021,가양동,한강타운,12,17,84.99,서울 강서구,1460,11500,9,,,강서구,서울특별시
"155,000",중개거래,2014,2021,마곡동,마곡엠벨리(14단지),12,14,84.5,서울 강서구,750,11500,9,,,강서구,서울특별시
"96,000",중개거래,1999,2021,마곡동,벽산,12,20,84.97,서울 강서구,429,11500,9,,,강서구,서울특별시
"124,000",직거래,2014,2021,마곡동,마곡엠밸리5단지,12,22,114.98,,740,11500,11,,,강서구,서울특별시
"153,000",중개거래,2017,2021,마곡동,마곡13단지힐스테이트마스터,12,30,84.9805,서울 강서구,748,11500,10,,,강서구,서울특별시
"123,000",중개거래,2016,2021,마곡동,마곡엠밸리8단지,12,31,59.79,서울 강서구,741,11500,4,,,강서구,서울특별시
"95,000",중개거래,2008,2021,내발산동,마곡수명산파크5단지,12,8,59.84,"경기 성남수정구, 서울 강서구",749,11500,2,,,강서구,서울특별시
"95,000",중개거래,2003,2021,내발산동,롯데2,12,11,84.708,서울 강서구,729,11500,14,,,강서구,서울특별시
"60,000",중개거래,2005,2021,내발산동,유니드,12,20,73.51,서울 강서구,712-2,11500,2,,,강서구,서울특별시
"88,500",중개거래,1993,2021,방화동,동성,12,1,84.95,서울 강서구,817,11500,1,,,강서구,서울특별시
"57,000",중개거래,1994,2021,방화동,방화5,12,4,33.18,경기 성남수정구,814,11500,10,,,강서구,서울특별시
"64,000",중개거래,1994,2021,방화동,장미,12,6,39.96,서울 강서구,841,11500,15,,,강서구,서울특별시
"16,800",중개거래,2014,2021,방화동,경동팰리스힐,12,8,19.41,서울 강서구,898,11500,7,,,강서구,서울특별시
"50,000",직거래,2002,2021,방화동,신안네트빌2단지,12,10,84.0164,,869,11500,1,,,강서구,서울특별시
"9,500",중개거래,2014,2021,방화동,경동팰리스힐,12,10,12.22,서울 강서구,898,11500,5,,,강서구,서울특별시
"9,600",중개거래,2014,2021,방화동,경동팰리스힐,12,10,12.22,서울 강서구,898,11500,3,,,강서구,서울특별시
"9,700",중개거래,2013,2021,방화동,AirPalace(619-7),12,13,14.5,서울 강서구,619-7,11500,9,,,강서구,서울특별시
"9,900",중개거래,2013,2021,방화동,AirPalace(619-7),12,20,14.5,서울 강서구,619-7,11500,6,,,강서구,서울특별시
"87,000",중개거래,2002,2021,방화동,신안네트빌1단지,12,21,114.3032,서울 강서구,868,11500,1,,,강서구,서울특별시
"133,000",중개거래,1994,2021,방화동,방화4단지,12,25,134.61,경기 화성시,831,11500,7,,,강서구,서울특별시
"9,400",중개거래,2013,2021,방화동,AirPalace(619-7),12,31,14.5,서울 강서구,619-7,11500,5,,,강서구,서울특별시
"73,000",중개거래,2011,2021,봉천동,뉴그린아파트,12,3,81.12,서울 관악구,1598-49,11620,1,,,관악구,서울특별시
"89,000",중개거래,2003,2021,봉천동,관악드림(삼성),12,4,59.85,서울 관악구,1712,11620,7,,,관악구,서울특별시
"69,000",중개거래,2004,2021,봉천동,하이캐슬,12,4,84.97,서울 관악구,1718-6,11620,8,,,관악구,서울특별시
"18,500",중개거래,2018,2021,봉천동,서울대입구한양아이클래스,12,6,15.53,서울 관악구,1568-1,11620,10,,,관악구,서울특별시
"32,700",중개거래,1971,2021,봉천동,복권,12,8,47.61,서울 관악구,645-87,11620,1,,,관악구,서울특별시
"79,000",중개거래,1999,2021,봉천동,서울대입구삼성,12,11,59.78,"서울 강남구, 서울 관악구",1591-2,11620,5,,,관악구,서울특별시
"98,000",중개거래,2000,2021,봉천동,두산,12,11,59.92,서울 관악구,1708,11620,5,,,관악구,서울특별시
"36,700",중개거래,2014,2021,봉천동,대영,12,16,42.59,서울 관악구,15-5,11620,4,,,관악구,서울특별시
"17,000",중개거래,2012,2021,봉천동,서울대역마에스트로,12,16,23.09,서울 관악구,869-6,11620,16,,,관악구,서울특별시
"133,000",중개거래,2000,2021,봉천동,두산,12,18,84.87,서울 관악구,1708,11620,20,22.02.14,O,관악구,서울특별시
"95,000",중개거래,2004,2021,봉천동,관악동부센트레빌,12,19,59.8,서울 관악구,1719,11620,4,,,관악구,서울특별시
"103,000",중개거래,2006,2021,봉천동,서울대입구아이원(1560-61),12,19,59.96,서울 관악구,1560-61,11620,6,,,관악구,서울특별시
"64,000",중개거래,2001,2021,봉천동,반석블레스빌,12,20,84.25,서울 관악구,1615-17,11620,5,,,관악구,서울특별시
"90,000",중개거래,2005,2021,봉천동,벽산블루밍,12,20,59.99,서울 관악구,1718,11620,9,,,관악구,서울특별시
"41,000",직거래,2005,2021,봉천동,새진8차,12,21,84.88,,180-422,11620,5,,,관악구,서울특별시
"82,000",중개거래,2004,2021,봉천동,관악푸르지오,12,24,59.58,서울 관악구,1717,11620,14,,,관악구,서울특별시
"32,400",중개거래,1971,2021,봉천동,복권,12,24,47.61,서울 관악구,645-87,11620,6,,,관악구,서울특별시
"89,700",중개거래,2003,2021,봉천동,관악드림(동아),12,24,59.83,서울 관악구,1712,11620,11,,,관악구,서울특별시
"100,000",중개거래,2006,2021,봉천동,서울대입구아이원(1560-62),12,29,59.96,"서울 강남구, 서울 관악구",1560-62,11620,9,,,관악구,서울특별시
"120,000",중개거래,2019,2021,봉천동,e편한세상서울대입구1단지,12,29,59.9,서울 관악구,1730,11620,11,,,관악구,서울특별시
"57,000",중개거래,1996,2021,신림동,라이프,12,1,59.04,서울 관악구,1700,11620,6,,,관악구,서울특별시
"49,500",중개거래,1988,2021,신림동,건영2,12,3,43.92,서울 관악구,721-2,11620,11,,,관악구,서울특별시
"71,000",중개거래,2008,2021,신림동,관악산휴먼시아2단지,12,3,59.99,서울 영등포구,1735,11620,18,,,관악구,서울특별시
"100,000",중개거래,1993,2021,신림동,신림현대,12,7,82.2,서울 관악구,1694,11620,12,,,관악구,서울특별시
"100,000",중개거래,1993,2021,신림동,신림현대,12,7,82.2,서울 관악구,1694,11620,12,22.02.07,O,관악구,서울특별시
"85,500",중개거래,2008,2021,신림동,관악산휴먼시아2단지,12,7,84.97,서울 관악구,1735,11620,19,,,관악구,서울특별시
"70,500",중개거래,2008,2021,신림동,관악산휴먼시아1단지,12,8,59.96,서울 관악구,1735-1,11620,16,,,관악구,서울특별시
"85,500",중개거래,2008,2021,신림동,관악산휴먼시아2단지,12,9,84.97,서울 관악구,1735,11620,9,,,관악구,서울특별시
"106,500",중개거래,2008,2021,신림동,관악산휴먼시아1단지,12,9,114.7,"서울 관악구, 서울 성동구",1735-1,11620,20,,,관악구,서울특별시
"62,000",중개거래,2000,2021,신림동,삼성산주공(주공3단지),12,12,58.55,서울 관악구,1714,11620,5,,,관악구,서울특별시
"67,000",직거래,2001,2021,신림동,한라타운아파트,12,13,79.4345,,763,11620,12,,,관악구,서울특별시
"77,000",중개거래,2008,2021,신림동,관악산휴먼시아2단지,12,13,84.97,서울 관악구,1735,11620,3,,,관악구,서울특별시
"13,000",중개거래,2015,2021,신림동,신림큐브,12,14,13.41,서울 관악구,1421-1,11620,9,,,관악구,서울특별시
"59,900",직거래,2021,2021,신림동,신림스카이아파트,12,15,56.45,,1744,11620,6,,,관악구,서울특별시
"63,000",중개거래,1996,2021,신림동,신림2차현대,12,16,59.91,서울 관악구,551-9,11620,16,,,관악구,서울특별시
"53,000",직거래,2021,2021,신림동,신림스카이아파트,12,16,45.85,,1744,11620,12,,,관악구,서울특별시
"59,900",직거래,2021,2021,신림동,신림스카이아파트,12,16,56.46,,1744,11620,4,,,관악구,서울특별시
"45,000",직거래,2021,2021,신림동,신림스카이아파트,12,17,38.34,,1744,11620,9,,,관악구,서울특별시
"87,000",중개거래,2008,2021,신림동,관악산휴먼시아2단지,12,18,114.7,서울 관악구,1735,11620,12,,,관악구,서울특별시
"70,000",중개거래,2008,2021,신림동,관악산휴먼시아2단지,12,18,59.96,서울 관악구,1735,11620,12,,,관악구,서울특별시
"82,000",중개거래,2008,2021,신림동,관악산휴먼시아2단지,12,18,84.98,서울 관악구,1735,11620,9,,,관악구,서울특별시
"50,000",중개거래,1999,2021,신림동,초원,12,19,59.93,서울 관악구,1712,11620,6,22.05.04,O,관악구,서울특별시
"50,000",중개거래,1999,2021,신림동,초원,12,19,59.93,서울 관악구,1712,11620,6,,,관악구,서울특별시
"12,800",중개거래,2014,2021,신림동,푸리마타운,12,27,12.25,서울 관악구,1639-51,11620,9,,,관악구,서울특별시
"13,000",중개거래,2015,2021,신림동,신림큐브,12,28,13.41,서울 관악구,1421-1,11620,10,,,관악구,서울특별시
"12,000",중개거래,2012,2021,신림동,보라매해담채,12,29,12.89,서울 동작구,497-5,11620,4,,,관악구,서울특별시
"12,100",중개거래,2015,2021,신림동,신림큐브,12,29,12.96,서울 관악구,1421-1,11620,7,,,관악구,서울특별시
"16,500",직거래,2013,2021,신림동,프라비다트라움,12,31,14.05,,1433-55,11620,11,,,관악구,서울특별시
"50,000",중개거래,2002,2021,남현동,남현현대아이빌라,12,4,80.64,"서울 동작구, 서울 은평구",1054-42,11620,4,,,관악구,서울특별시
"50,000",중개거래,2021,2021,남현동,네스코수피아,12,15,38.64,서울 관악구,602-27,11620,8,,,관악구,서울특별시
"74,000",중개거래,2002,2021,남현동,동송하이클래스(1071-3),12,21,107.16,서울 관악구,1071-3,11620,4,,,관악구,서울특별시
"125,000",중개거래,1997,2021,구의동,현대프라임,12,13,59.82,서울 광진구,631-1,11215,14,,,광진구,서울특별시
"100,000",직거래,2021,2021,구의동,구의자이르네,12,29,73.6556,,671,11215,13,,,광진구,서울특별시
"128,000",중개거래,1996,2021,광장동,광나루현대,12,4,84.59,서울 광진구,567,11215,11,,,광진구,서울특별시
"116,000",중개거래,1996,2021,광장동,청구,12,4,59.95,서울 광진구,566,11215,14,,,광진구,서울특별시
"175,000",중개거래,1989,2021,광장동,극동2,12,25,84.55,서울 광진구,218-1,11215,11,,,광진구,서울특별시
"145,000",중개거래,2000,2021,광장동,현대파크빌,12,28,59.55,서울 광진구,577,11215,11,,,광진구,서울특별시
"146,000",중개거래,1993,2021,자양동,한강우성,12,2,84.72,서울 광진구,87-1,11215,12,,,광진구,서울특별시
"101,000",중개거래,1999,2021,자양동,로얄동아,12,2,59.91,"서울 광진구, 서울 서초구",644,11215,11,,,광진구,서울특별시
"124,500",중개거래,1996,2021,자양동,현대3,12,9,84.9,서울 광진구,670,11215,11,,,광진구,서울특별시
"124,500",중개거래,1996,2021,자양동,현대3,12,9,84.9,서울 광진구,670,11215,11,21.12.22,O,광진구,서울특별시
"277,500",중개거래,2007,2021,자양동,더샵스타시티,12,11,163.53,서울 강남구,227-7,11215,20,,,광진구,서울특별시
"145,000",중개거래,2002,2021,자양동,자양10차현대홈타운,12,11,84.46,서울 광진구,792,11215,4,,,광진구,서울특별시
"155,500",중개거래,2006,2021,자양동,이튼타워리버1차,12,23,84.26,서울 광진구,510-5,11215,15,,,광진구,서울특별시
"105,000",중개거래,1996,2021,자양동,한라아파트,12,25,59.96,서울 광진구,762,11215,14,,,광진구,서울특별시
"19,500",중개거래,2018,2021,화양동,아스하임(111-102),12,6,14.11,서울 광진구,111-102,11215,18,,,광진구,서울특별시
"8,500",중개거래,1999,2021,화양동,화양타워,12,7,20.69,서울 광진구,110-37,11215,2,,,광진구,서울특별시
"19,800",직거래,2019,2021,화양동,신원리브웰화양동주상복합,12,10,16.92,,111-88,11215,5,,,광진구,서울특별시
"127,000",중개거래,2008,2021,군자동,광진동양파라곤1단지,12,29,124.65,서울 광진구,360-20,11215,10,,,광진구,서울특별시
"139,000",중개거래,2004,2021,신도림동,대림e-편한세상7,12,3,84.928,서울 구로구,649,11530,5,,,구로구,서울특별시
"94,500",중개거래,1999,2021,신도림동,대림1,12,3,59.9,서울 구로구,642,11530,8,,,구로구,서울특별시
"99,700",중개거래,2001,2021,신도림동,대림2,12,15,59.9,서울 구로구,642,11530,18,,,구로구,서울특별시
"110,500",중개거래,2000,2021,신도림동,동아3,12,16,60,서울 구로구,645,11530,12,,,구로구,서울특별시
"96,000",중개거래,1999,2021,신도림동,대림1,12,20,59.9,서울 구로구,642,11530,4,,,구로구,서울특별시
"126,000",중개거래,2001,2021,신도림동,대림2,12,20,84.95,서울 구로구,642,11530,26,,,구로구,서울특별시
"126,000",중개거래,2001,2021,신도림동,대림2,12,20,84.95,서울 구로구,642,11530,26,22.01.26,O,구로구,서울특별시
"69,800",중개거래,1984,2021,구로동,극동,12,1,91.05,서울 구로구,314,11530,6,,,구로구,서울특별시
"24,300",중개거래,1997,2021,구로동,(747-10),12,3,49.2,서울 구로구,747-10,11530,3,,,구로구,서울특별시
"12,000",중개거래,2012,2021,구로동,비즈트위트그린,12,4,14.86,서울 구로구,98-10,11530,12,,,구로구,서울특별시
"66,000",중개거래,1992,2021,구로동,구로현대,12,4,56.49,서울 구로구,1256,11530,10,,,구로구,서울특별시
"98,000",중개거래,2007,2021,구로동,신구로자이,12,7,84.98,"서울 구로구, 서울 양천구",501,11530,23,,,구로구,서울특별시
"11,450",중개거래,2014,2021,구로동,로제리움2차,12,8,14.91,서울 동작구,97,11530,14,,,구로구,서울특별시
"69,800",중개거래,1995,2021,구로동,우성(1058),12,8,59.34,서울 구로구,1058,11530,11,,,구로구,서울특별시
"29,000",직거래,1981,2021,구로동,태양,12,11,59.88,,779-66,11530,1,,,구로구,서울특별시
"102,000",중개거래,2004,2021,구로동,삼성래미안,12,11,78.665,서울 구로구,256-1,11530,21,22.03.07,O,구로구,서울특별시
"49,900",중개거래,1997,2021,구로동,금호,12,11,59.96,서울 구로구,49,11530,20,,,구로구,서울특별시
"102,000",중개거래,2004,2021,구로동,삼성래미안,12,11,78.665,서울 구로구,256-1,11530,21,,,구로구,서울특별시
"18,000",중개거래,2016,2021,구로동,비즈트위트레드,12,11,20.84,서울 구로구,104-8,11530,2,,,구로구,서울특별시
"12,000",중개거래,2012,2021,구로동,신도림로제리움,12,11,20.55,서울 구로구,43-1,11530,19,,,구로구,서울특별시
"12,000",중개거래,2012,2021,구로동,신도림로제리움,12,11,20.55,서울 구로구,43-1,11530,19,,,구로구,서울특별시
"49,000",중개거래,1997,2021,구로동,금호,12,12,59.96,서울 구로구,49,11530,5,,,구로구,서울특별시
"11,200",중개거래,2015,2021,구로동,대림역포스큐,12,12,14.579,"서울 구로구, 서울 영등포구",106-2,11530,18,,,구로구,서울특별시
"63,700",중개거래,2006,2021,구로동,대림역대성스카이렉스,12,13,73.2,서울 구로구,107-1,11530,8,,,구로구,서울특별시
"18,000",중개거래,1998,2021,구로동,(781-26),12,14,39.36,서울 구로구,781-26,11530,1,,,구로구,서울특별시
"12,000",직거래,2015,2021,구로동,대림역포스큐,12,15,14.579,,106-2,11530,19,,,구로구,서울특별시
"54,000",직거래,1992,2021,구로동,구로현대,12,17,56.49,,1256,11530,11,,,구로구,서울특별시
"22,000",중개거래,2016,2021,구로동,비즈트위트레드,12,17,21.49,경기 부천시,104-8,11530,5,,,구로구,서울특별시
"60,000",중개거래,1998,2021,구로동,구로두산,12,18,44.64,서울 구로구,1265,11530,17,,,구로구,서울특별시
"86,000",중개거래,2009,2021,구로동,대림역경남아너스빌,12,18,84.8382,서울 구로구,1285,11530,11,,,구로구,서울특별시
"12,000",중개거래,2015,2021,구로동,대림역포스큐,12,18,16.819,서울 구로구,106-2,11530,14,,,구로구,서울특별시
"22,200",중개거래,1997,2021,구로동,(780-31),12,20,36.48,서울 구로구,780-31,11530,5,,,구로구,서울특별시
"60,000",직거래,2004,2021,구로동,우리유앤미,12,20,84.71,,1277,11530,3,,,구로구,서울특별시
"21,000",중개거래,1996,2021,구로동,(780-62),12,22,39.36,서울 구로구,780-62,11530,4,,,구로구,서울특별시
"12,000",직거래,2015,2021,구로동,대림역포스큐,12,22,14.579,,106-2,11530,20,,,구로구,서울특별시
"25,000",중개거래,1996,2021,구로동,(792-103),12,22,31.41,서울 성동구,792-103,11530,1,,,구로구,서울특별시
"11,000",중개거래,2013,2021,구로동,그린플러스구로해담채2,12,23,13.23,서울 구로구,104-6,11530,14,,,구로구,서울특별시
"10,000",중개거래,2012,2021,구로동,비즈트위트블루,12,24,16.04,서울 구로구,107-4,11530,4,,,구로구,서울특별시
"17,000",중개거래,1967,2021,구로동,(806-14),12,24,31.81,서울 구로구,806-14,11530,4,,,구로구,서울특별시
"101,500",중개거래,2004,2021,구로동,삼성래미안,12,26,78.665,서울 구로구,256-1,11530,15,,,구로구,서울특별시
"51,500",중개거래,1997,2021,구로동,금호,12,26,59.96,서울 구로구,49,11530,18,,,구로구,서울특별시
"62,700",중개거래,1988,2021,구로동,현대,12,26,56.49,서울 구로구,74-30,11530,5,,,구로구,서울특별시
"24,500",중개거래,1996,2021,구로동,(749-44),12,27,37.47,부산 금정구,749-44,11530,4,,,구로구,서울특별시
"25,000",중개거래,1996,2021,구로동,(749-29),12,27,44.61,서울 구로구,749-29,11530,1,,,구로구,서울특별시
"15,000",중개거래,2002,2021,구로동,성호메이플라워멤버스빌,12,27,31.76,서울 구로구,104-9,11530,16,,,구로구,서울특별시
"11,000",중개거래,2015,2021,구로동,대림역포스큐,12,27,15.975,서울 구로구,106-2,11530,18,,,구로구,서울특별시
"12,700",직거래,2015,2021,구로동,대림역포스큐,12,27,14.579,,106-2,11530,16,,,구로구,서울특별시
"18,800",중개거래,1996,2021,구로동,(807-29),12,27,27.9,"서울 구로구, 서울 성북구",807-29,11530,1,,,구로구,서울특별시
"22,500",중개거래,1997,2021,구로동,(780-58),12,28,33.52,서울 구로구,780-58,11530,4,,,구로구,서울특별시
"20,500",직거래,2002,2021,구로동,성호메이플라워멤버스빌,12,29,41.4,,104-9,11530,8,,,구로구,서울특별시
"66,000",중개거래,1992,2021,구로동,구로현대,12,29,56.49,서울 구로구,1256,11530,14,,,구로구,서울특별시
"10,400",중개거래,2012,2021,구로동,비즈트위트그린,12,30,15.11,서울 동작구,98-10,11530,12,,,구로구,서울특별시
"109,000",중개거래,2003,2021,고척동,벽산,12,6,84.878,서울 구로구,334,11530,20,,,구로구,서울특별시
"68,000",중개거래,1999,2021,고척동,대우,12,23,59.96,서울 구로구,296,11530,2,,,구로구,서울특별시
"81,000",중개거래,1999,2021,고척동,대우,12,29,114.95,서울 구로구,296,11530,8,22.02.23,O,구로구,서울특별시
"120,000",중개거래,2001,2021,개봉동,현대,12,1,114.99,서울 구로구,481,11530,18,,,구로구,서울특별시
"86,000",중개거래,1999,2021,개봉동,한마을,12,4,59.57,서울 구로구,476,11530,24,,,구로구,서울특별시
"69,000",중개거래,1997,2021,개봉동,상우,12,6,84.06,서울 구로구,473,11530,21,,,구로구,서울특별시
"23,000",중개거래,1975,2021,개봉동,왕궁,12,30,65.46,서울 구로구,366-1,11530,4,,,구로구,서울특별시
"8,500",중개거래,2014,2021,오류동,썬앤빌,12,1,14.064,서울 구로구,34-13,11530,13,,,구로구,서울특별시
"45,000",직거래,1986,2021,오류동,길훈,12,6,53.94,,150-42,11530,3,,,구로구,서울특별시
"65,000",중개거래,1998,2021,오류동,삼천리,12,11,59.73,서울 구로구,340,11530,4,,,구로구,서울특별시
"23,900",중개거래,2005,2021,오류동,이좋은집,12,23,36.69,서울 구로구,46-1,11530,6,,,구로구,서울특별시
"27,000",직거래,2020,2021,오류동,오류동삼전솔하임,12,23,37.759,,9-231,11530,7,,,구로구,서울특별시
"9,000",직거래,2014,2021,오류동,포스시티,12,23,14.29,,51-31,11530,16,,,구로구,서울특별시
"9,500",중개거래,2014,2021,오류동,포스시티,12,24,17.75,서울 양천구,51-31,11530,13,,,구로구,서울특별시
"96,000",중개거래,2003,2021,오류동,금강(343),12,25,84.983,서울 구로구,343,11530,4,,,구로구,서울특별시
"52,000",중개거래,2004,2021,오류동,동선,12,25,58.2159,서울 구로구,345,11530,4,,,구로구,서울특별시
"11,300",중개거래,2014,2021,오류동,포스시티,12,30,17.75,서울 구로구,51-31,11530,12,,,구로구,서울특별시
"90,000",중개거래,2014,2021,천왕동,천왕연지타운2단지,12,19,84.97,서울 구로구,281,11530,4,,,구로구,서울특별시
"75,500",중개거래,2019,2021,항동,하버라인2단지,12,19,59.86,서울 구로구,가-237,11530,14,,,구로구,서울특별시
"63,000",직거래,2020,2021,항동,우남퍼스트빌더센트럴,12,27,84.9149,,가-,11530,1,,,구로구,서울특별시
"17,800",직거래,2018,2021,가산동,가산지웰에스테이트2차,12,1,14.12,,143-6,11545,10,,,금천구,서울특별시
"12,000",중개거래,2014,2021,가산동,비즈트위트바이올렛5차,12,6,12.19,서울 송파구,140-36,11545,8,,,금천구,서울특별시
"14,800",직거래,2013,2021,가산동,가산지웰에스테이트,12,11,15.95,,140-9,11545,10,,,금천구,서울특별시
"16,000",직거래,2014,2021,가산동,비즈트위트바이올렛5차,12,13,18.47,,140-36,11545,13,,,금천구,서울특별시
"47,500",중개거래,2005,2021,가산동,드림케슬3차,12,22,84.8,서울 금천구,237-81,11545,4,,,금천구,서울특별시
"27,000",중개거래,1989,2021,독산동,중앙아파트,12,1,35.61,서울 금천구,333-24,11545,2,,,금천구,서울특별시
"98,000",중개거래,2018,2021,독산동,금천롯데캐슬골드파크3차,12,3,59.9672,서울 금천구,1155,11545,26,,,금천구,서울특별시
"64,500",중개거래,2003,2021,독산동,청광플러스원,12,14,59.946,서울 금천구,1139,11545,7,,,금천구,서울특별시
"86,500",중개거래,2004,2021,독산동,독산동중앙하이츠빌,12,15,84.8768,서울 금천구,1140,11545,22,,,금천구,서울특별시
"38,000",중개거래,2005,2021,독산동,힐탑아파트4차(894-5),12,18,69.09,서울 금천구,894-5,11545,6,,,금천구,서울특별시
"52,000",중개거래,2004,2021,독산동,한아101(994-33),12,23,84.87,서울 금천구,994-33,11545,4,,,금천구,서울특별시
"49,000",중개거래,1990,2021,독산동,독산주공14단지,12,30,38.64,"경기 광명시, 서울 서대문구",1088,11545,1,,,금천구,서울특별시
"60,000",직거래,2004,2021,시흥동,관악산벽산타운5,12,1,59.34,,1013,11545,6,,,금천구,서울특별시
"62,000",중개거래,2002,2021,시흥동,우방,12,9,59.91,서울 금천구,1011,11545,2,,,금천구,서울특별시
"17,000",직거래,2018,2021,시흥동,메르시대신아파트,12,10,61.5,,961-4,11545,4,,,금천구,서울특별시
"43,000",직거래,2018,2021,시흥동,메르시대신아파트,12,10,76.15,,961-4,11545,3,,,금천구,서울특별시
"24,000",직거래,2018,2021,시흥동,메르시대신아파트,12,10,76.15,,961-4,11545,2,,,금천구,서울특별시
"72,500",중개거래,1982,2021,시흥동,럭키남서울아파트,12,17,49.76,서울 금천구,1002-1,11545,2,,,금천구,서울특별시
"75,000",중개거래,2004,2021,시흥동,관악산벽산타운5,12,18,84.97,서울 금천구,1013,11545,17,,,금천구,서울특별시
"71,800",중개거래,2004,2021,시흥동,관악산벽산타운5,12,18,84.97,서울 금천구,1013,11545,8,,,금천구,서울특별시
"128,000",중개거래,2014,2021,시흥동,남서울힐스테이트,12,21,150.72,서울 금천구,1026,11545,5,,,금천구,서울특별시
"90,000",직거래,1980,2021,시흥동,무지개,12,22,85.29,,109-1,11545,5,,,금천구,서울특별시
"50,000",중개거래,1996,2021,시흥동,현대(209),12,24,82.53,서울 금천구,209,11545,15,,,금천구,서울특별시
"97,000",중개거래,2014,2021,시흥동,남서울힐스테이트,12,30,84.786,서울 금천구,1026,11545,12,,,금천구,서울특별시
"67,500",중개거래,1992,2021,월계동,주공2,12,5,58.65,"서울 강북구, 서울 성북구",556,11350,4,,,노원구,서울특별시
"125,000",중개거래,2002,2021,월계동,한진한화그랑빌,12,6,114.97,서울 노원구,18,11350,24,,,노원구,서울특별시
"42,500",중개거래,1998,2021,월계동,청백3,12,7,39.84,서울 노원구,780,11350,13,,,노원구,서울특별시
"75,000",직거래,1998,2021,월계동,청백4,12,10,84.54,,781,11350,14,,,노원구,서울특별시
"53,800",중개거래,1992,2021,월계동,주공2,12,13,44.52,서울 노원구,556,11350,12,,,노원구,서울특별시
"84,500",중개거래,2000,2021,월계동,현대,12,20,84.98,서울 노원구,929,11350,2,,,노원구,서울특별시
"48,000",중개거래,1992,2021,월계동,주공2,12,22,38.64,서울 노원구,556,11350,15,,,노원구,서울특별시
"73,600",중개거래,1987,2021,월계동,삼호4,12,31,50.18,서울 노원구,12,11350,9,,,노원구,서울특별시
"45,000",직거래,1994,2021,공릉동,시영3차(라이프)아파트,12,1,39.6,,715,11350,9,,,노원구,서울특별시
"59,000",중개거래,1995,2021,공릉동,신명아파트,12,2,59.99,서울 노원구,382-14,11350,12,,,노원구,서울특별시
"89,000",중개거래,1999,2021,공릉동,동신아파트,12,8,114.98,서울 노원구,745,11350,14,,,노원구,서울특별시
"13,000",중개거래,2013,2021,공릉동,한일휴니스빌,12,11,13.92,서울 노원구,683-14,11350,19,,,노원구,서울특별시
"63,000",중개거래,1999,2021,공릉동,동신아파트,12,21,59.99,서울 노원구,745,11350,15,,,노원구,서울특별시
"59,000",중개거래,1994,2021,공릉동,삼익4단지아파트,12,22,49.5,서울 노원구,714,11350,8,,,노원구,서울특별시
"80,000",중개거래,2001,2021,공릉동,풍림아파트A,12,22,84.99,서울 노원구,725,11350,16,,,노원구,서울특별시
"60,500",중개거래,1995,2021,공릉동,공릉우성아파트,12,24,59.26,서울 노원구,738,11350,12,,,노원구,서울특별시
"57,000",중개거래,1996,2021,공릉동,동부아파트,12,26,59.34,서울 노원구,705,11350,4,,,노원구,서울특별시
"60,000",중개거래,1999,2021,공릉동,태강아파트,12,27,49.6,서울 노원구,81,11350,9,,,노원구,서울특별시
"93,800",중개거래,1988,2021,하계동,극동,12,7,84.91,서울 노원구,271-3,11350,2,,,노원구,서울특별시
"92,500",중개거래,1988,2021,하계동,건영,12,11,74.58,서울 노원구,271-3,11350,13,,,노원구,서울특별시
"56,500",중개거래,1989,2021,하계동,장미(시영6),12,25,43.41,서울 노원구,273,11350,4,,,노원구,서울특별시
"81,500",중개거래,2000,2021,상계동,상계불암대림,12,1,84.96,서울 노원구,1289,11350,18,,,노원구,서울특별시
"50,000",중개거래,1989,2021,상계동,벽산,12,2,46.8,서울 노원구,173-1,11350,14,,,노원구,서울특별시
"69,500",중개거래,1995,2021,상계동,금호타운,12,3,84.54,서울 노원구,1270,11350,9,,,노원구,서울특별시
"72,000",중개거래,1988,2021,상계동,상계주공6(고층),12,3,49.94,서울 노원구,720,11350,3,,,노원구,서울특별시
"72,000",중개거래,2003,2021,상계동,대망드림힐1,12,4,67.239,서울 노원구,1304,11350,12,,,노원구,서울특별시
"133,500",중개거래,2020,2021,상계동,포레나노원,12,4,74.9561,서울 노원구,680,11350,13,22.04.01,O,노원구,서울특별시
"81,000",중개거래,1987,2021,상계동,상계주공3(고층),12,4,58.01,서울 노원구,730-2,11350,10,,,노원구,서울특별시
"59,800",중개거래,1988,2021,상계동,보람1단지,12,6,44.33,서울 노원구,639,11350,10,,,노원구,서울특별시
"95,000",중개거래,1987,2021,상계동,상계주공3(고층),12,8,84.2,서울 노원구,730-2,11350,4,,,노원구,서울특별시
"64,000",중개거래,1988,2021,상계동,상계주공6(고층),12,9,41.3,서울 노원구,720,11350,2,,,노원구,서울특별시
"85,000",중개거래,1987,2021,상계동,상계주공3(고층),12,10,58.01,서울 노원구,730-2,11350,9,,,노원구,서울특별시
"77,000",중개거래,1999,2021,상계동,동아불암,12,10,84.9,서울 노원구,1285,11350,7,,,노원구,서울특별시
"73,000",중개거래,1988,2021,상계동,상계주공10(저층),12,11,54.54,서울 노원구,666,11350,3,,,노원구,서울특별시
"79,000",중개거래,1988,2021,상계동,상계주공6(고층),12,15,58.01,서울 노원구,720,11350,11,,,노원구,서울특별시
"63,000",중개거래,1995,2021,상계동,수락현대,12,15,84.74,서울 노원구,1272,11350,1,,,노원구,서울특별시
"82,000",중개거래,1997,2021,상계동,노원현대,12,15,84.78,서울 노원구,359,11350,5,,,노원구,서울특별시
"72,200",중개거래,1995,2021,상계동,수락현대,12,15,84.87,서울 노원구,1272,11350,6,,,노원구,서울특별시
"105,000",중개거래,2001,2021,상계동,수락파크빌,12,15,114.82,서울 노원구,1269,11350,5,,,노원구,서울특별시
"88,000",직거래,1997,2021,상계동,코오롱,12,15,84.9,,1281,11350,16,,,노원구,서울특별시
"57,000",중개거래,1988,2021,상계동,상계주공9(고층),12,16,45.9,서울 노원구,670,11350,12,,,노원구,서울특별시
"50,000",중개거래,1994,2021,상계동,두산,12,22,51.66,서울 노원구,1110,11350,7,,,노원구,서울특별시
"62,900",중개거래,1989,2021,상계동,상계대림,12,22,59.67,서울 노원구,172,11350,12,,,노원구,서울특별시
"57,500",중개거래,2001,2021,상계동,청암2단지,12,24,49.77,서울 노원구,1276,11350,9,,,노원구,서울특별시
"55,900",중개거래,2001,2021,상계동,청암2단지,12,24,59.96,서울 노원구,1276,11350,1,,,노원구,서울특별시
"101,500",중개거래,2021,2021,상계동,노원센트럴푸르지오,12,28,59.996,서울 노원구,1355,11350,17,,,노원구,서울특별시
"50,000",중개거래,1989,2021,상계동,벽산,12,28,46.8,서울 노원구,173-1,11350,11,,,노원구,서울특별시
"58,000",중개거래,1988,2021,상계동,상계주공9(고층),12,29,45.9,서울 노원구,670,11350,11,,,노원구,서울특별시
"58,000",중개거래,1990,2021,중계동,중계그린1단지,12,2,39.92,서울 노원구,502-1,11350,2,,,노원구,서울특별시
"86,000",직거래,1992,2021,중계동,주공5,12,3,58.46,,359-1,11350,14,,,노원구,서울특별시
"86,000",중개거래,1991,2021,중계동,건영2,12,4,75.02,서울 노원구,515-2,11350,8,,,노원구,서울특별시
"91,200",중개거래,1996,2021,중계동,성원1,12,6,59.75,서울 노원구,580,11350,16,,,노원구,서울특별시
"120,000",중개거래,1993,2021,중계동,라이프,12,8,101.85,서울 노원구,366,11350,1,,,노원구,서울특별시
"59,800",중개거래,1990,2021,중계동,중계그린1단지,12,11,39.78,서울 노원구,502-1,11350,9,,,노원구,서울특별시
"105,000",중개거래,1992,2021,중계동,주공5,12,11,76.51,경기 남양주시,359-1,11350,10,,,노원구,서울특별시
"69,300",중개거래,1997,2021,중계동,금호타운(583),12,13,59.52,서울 노원구,583,11350,4,,,노원구,서울특별시
"51,000",중개거래,1992,2021,중계동,주공5,12,18,38.64,서울 노원구,359-1,11350,13,,,노원구,서울특별시
"94,000",중개거래,1999,2021,중계동,삼성,12,18,84.75,서울 노원구,593,11350,5,,,노원구,서울특별시
"57,500",중개거래,1990,2021,중계동,중계그린1단지,12,24,39.91,서울 노원구,502-1,11350,4,,,노원구,서울특별시
"54,000",중개거래,1990,2021,쌍문동,현대1,12,4,56.7,,54,11320,10,,,도봉구,서울특별시
"25,000",중개거래,2004,2021,쌍문동,성원하이츠(B동),12,6,64.16,서울 도봉구,574-1,11320,3,,,도봉구,서울특별시
"38,800",중개거래,1989,2021,쌍문동,한양2,12,6,35.1,서울 도봉구,59,11320,4,,,도봉구,서울특별시
"70,000",중개거래,2007,2021,쌍문동,e편한세상,12,8,84.965,서울 중구,731,11320,10,,,도봉구,서울특별시
"85,800",중개거래,2014,2021,쌍문동,북한산코오롱하늘채,12,12,84.98,서울 도봉구,732,11320,6,,,도봉구,서울특별시
"54,000",중개거래,1987,2021,쌍문동,동익미라벨,12,13,84.39,서울 도봉구,285-5,11320,1,,,도봉구,서울특별시
"58,000",중개거래,1991,2021,쌍문동,한양5,12,15,76.405,서울 도봉구,59-3,11320,11,,,도봉구,서울특별시
"49,000",중개거래,1988,2021,쌍문동,한양2,12,16,48.96,서울 도봉구,59,11320,4,,,도봉구,서울특별시
"44,000",직거래,2021,2021,방학동,한원힐트리움아레나,12,2,31.29,,725-9,11320,14,,,도봉구,서울특별시
"63,500",중개거래,1993,2021,방학동,우성아파트2,12,9,84.98,서울 도봉구,508,11320,1,,,도봉구,서울특별시
"31,500",중개거래,2016,2021,방학동,송학휴스테이,12,10,51.257,서울 도봉구,636,11320,4,,,도봉구,서울특별시
"31,500",중개거래,2016,2021,방학동,송학휴스테이,12,10,49.125,서울 도봉구,636,11320,2,,,도봉구,서울특별시
"42,000",중개거래,2016,2021,방학동,송학휴스테이,12,11,55.539,서울 도봉구,636,11320,6,,,도봉구,서울특별시
"49,000",중개거래,1988,2021,방학동,삼익세라믹아파트,12,14,58.77,서울 도봉구,274,11320,3,,,도봉구,서울특별시
"52,000",중개거래,1991,2021,방학동,벽산아파트1,12,15,52.36,서울 도봉구,275,11320,6,,,도봉구,서울특별시
"62,500",중개거래,1992,2021,방학동,신동아아파트2,12,16,84.86,서울 도봉구,531,11320,5,,,도봉구,서울특별시
"90,000",직거래,1989,2021,방학동,신동아아파트1,12,16,126.89,,271-1,11320,3,,,도봉구,서울특별시
"44,000",중개거래,1988,2021,방학동,신동아아파트1,12,20,43.35,서울 도봉구,271-1,11320,13,,,도봉구,서울특별시
"102,900",직거래,2001,2021,방학동,대상타운현대아파트,12,21,84.78,,720-1,11320,4,,,도봉구,서울특별시
"61,000",중개거래,1988,2021,방학동,삼익세라믹아파트,12,28,74.105,서울 도봉구,274,11320,6,,,도봉구,서울특별시
"54,500",중개거래,1989,2021,방학동,신동아아파트1,12,29,53.16,서울 도봉구,271-1,11320,12,,,도봉구,서울특별시
"75,500",중개거래,2000,2021,창동,대우그린,12,1,59.97,서울 도봉구,814,11320,12,,,도봉구,서울특별시
"16,350",직거래,2021,2021,창동,스마트트라움,12,6,16.42,,661-55,11320,12,,,도봉구,서울특별시
"83,400",중개거래,1990,2021,창동,창동주공3단지(해등마을),12,6,61.52,서울 도봉구,347,11320,12,,,도봉구,서울특별시
"108,000",직거래,2004,2021,창동,북한산아이파크5차,12,8,84.4516,,825,11320,12,,,도봉구,서울특별시
"75,000",중개거래,1997,2021,창동,쌍용,12,9,59.88,"서울 강북구, 서울 도봉구",807,11320,1,,,도봉구,서울특별시
"107,000",중개거래,1988,2021,창동,주공19단지(창동리버타운),12,10,68.86,서울 도봉구,27,11320,10,,,도봉구,서울특별시
"65,000",직거래,1988,2021,창동,주공19단지(창동리버타운),12,13,68.86,,27,11320,8,,,도봉구,서울특별시
"85,500",중개거래,1997,2021,창동,동아청솔,12,14,59.76,서울 도봉구,808,11320,5,,,도봉구,서울특별시
"114,700",중개거래,1997,2021,창동,쌍용,12,17,84.76,서울 도봉구,807,11320,18,,,도봉구,서울특별시
"81,000",중개거래,1997,2021,창동,쌍용,12,22,59.88,서울 도봉구,807,11320,21,,,도봉구,서울특별시
"66,500",중개거래,1995,2021,창동,대우,12,23,59.86,서울 도봉구,804,11320,9,,,도봉구,서울특별시
"89,000",중개거래,1989,2021,창동,주공19단지(창동리버타운),12,27,59.39,"서울 강남구, 서울 도봉구",27,11320,6,,,도봉구,서울특별시
"67,500",중개거래,1990,2021,창동,창동주공1단지,12,31,59.39,서울 도봉구,305,11320,13,,,도봉구,서울특별시
"58,000",중개거래,1996,2021,도봉동,서원,12,2,59.51,"서울 도봉구, 서울 성북구",641,11320,12,,,도봉구,서울특별시
"40,000",중개거래,1996,2021,도봉동,서원,12,3,40.02,서울 도봉구,641,11320,6,,,도봉구,서울특별시
"78,000",중개거래,2003,2021,도봉동,동아에코빌,12,7,84.967,서울 도봉구,654,11320,14,,,도봉구,서울특별시
"49,200",중개거래,1996,2021,도봉동,서원,12,18,49.77,"경기 남양주시, 서울 도봉구",641,11320,5,,,도봉구,서울특별시
"25,000",중개거래,2020,2021,용두동,동대문베네스트,12,2,18.36,서울 동대문구,100-5,11230,19,,,동대문구,서울특별시
"40,000",중개거래,2016,2021,용두동,동대문푸르지오시티(도시형생활주택),12,7,30.11,서울 동대문구,104-3,11230,5,,,동대문구,서울특별시
"19,000",직거래,2016,2021,용두동,동대문푸르지오시티(도시형생활주택),12,10,19.51,,104-3,11230,17,,,동대문구,서울특별시
"86,300",중개거래,1994,2021,용두동,신동아,12,21,71.01,서울 동대문구,779,11230,11,,,동대문구,서울특별시
"18,100",중개거래,2019,2021,용두동,청계한양아이클래스,12,31,14.22,서울 용산구,255-49,11230,18,,,동대문구,서울특별시
"17,000",직거래,2014,2021,제기동,어진재,12,13,15.61,,1213,11230,4,,,동대문구,서울특별시
"108,500",중개거래,2005,2021,전농동,전농동신성미소지움,12,13,55.371,서울 동대문구,687,11230,17,,,동대문구,서울특별시
"100,000",직거래,2000,2021,전농동,전농SK,12,29,84.95,,10,11230,12,,,동대문구,서울특별시
"159,000",중개거래,2018,2021,전농동,동대문롯데캐슬노블레스,12,30,84.98,서울 동대문구,695,11230,23,,,동대문구,서울특별시
"159,000",중개거래,2018,2021,전농동,동대문롯데캐슬노블레스,12,30,84.98,서울 동대문구,695,11230,23,22.05.02,O,동대문구,서울특별시
"120,000",중개거래,2019,2021,답십리동,답십리파크자이,12,4,59.91,서울 동대문구,1014,11230,14,,,동대문구,서울특별시
"13,300",중개거래,2012,2021,답십리동,청계지웰,12,4,18.585,서울 동대문구,498-7,11230,11,,,동대문구,서울특별시
"117,000",중개거래,2019,2021,답십리동,답십리파크자이,12,6,59.91,서울 동대문구,1014,11230,7,,,동대문구,서울특별시
"98,500",중개거래,2011,2021,답십리동,래미안엘파인아파트,12,7,84.94,서울 동대문구,1000,11230,9,,,동대문구,서울특별시
"12,000",중개거래,2016,2021,답십리동,현대썬앤빌청계,12,9,14.72,서울 동대문구,530-15,11230,8,,,동대문구,서울특별시
"13,000",직거래,2012,2021,답십리동,청계지웰,12,11,19.525,,498-7,11230,9,21.12.17,O,동대문구,서울특별시
"50,000",중개거래,1992,2021,답십리동,동답한신,12,13,35.45,서울 동대문구,42,11230,11,,,동대문구,서울특별시
"14,700",중개거래,2015,2021,답십리동,청계푸르지오시티,12,14,18.92,서울 동대문구,497-23,11230,20,,,동대문구,서울특별시
"15,000",중개거래,2016,2021,답십리동,현대썬앤빌청계,12,20,18.27,서울 성동구,530-15,11230,13,,,동대문구,서울특별시
"13,200",중개거래,2016,2021,답십리동,현대썬앤빌청계,12,23,14.82,서울 성동구,530-15,11230,13,,,동대문구,서울특별시
"10,500",중개거래,2013,2021,답십리동,센시티16,12,28,14.244,서울 동대문구,488-18,11230,14,,,동대문구,서울특별시
"63,800",중개거래,2009,2021,장안동,흥해오크팰리스(440-5),12,2,76.68,서울 동대문구,440-5,11230,7,,,동대문구,서울특별시
"88,000",중개거래,1984,2021,장안동,장안현대,12,8,95.4,서울 동대문구,95-1,11230,9,,,동대문구,서울특별시
"68,200",직거래,2021,2021,장안동,브이티스타일,12,8,40.43,,309-7,11230,8,,,동대문구,서울특별시
"49,000",중개거래,2004,2021,장안동,신부파스카(319-3),12,11,63.64,"서울 광진구, 서울 동대문구",319-3,11230,7,,,동대문구,서울특별시
"85,000",중개거래,2002,2021,장안동,장안삼성쉐르빌,12,15,127.75,서울 동대문구,371-1,11230,14,,,동대문구,서울특별시
"105,000",중개거래,2003,2021,장안동,래미안장안,12,21,84.774,서울 동대문구,354-2,11230,7,,,동대문구,서울특별시
"81,000",직거래,2003,2021,장안동,래미안장안,12,21,84.774,,354-2,11230,5,,,동대문구,서울특별시
"12,500",직거래,2013,2021,장안동,장안푸르미에,12,22,12.6512,,466-5,11230,3,,,동대문구,서울특별시
"116,500",중개거래,2003,2021,장안동,장안현대홈타운(336),12,27,112.78,서울 동대문구,336,11230,23,,,동대문구,서울특별시
"98,600",중개거래,2007,2021,장안동,래미안장안2차,12,30,81.05,서울 동대문구,329-3,11230,2,,,동대문구,서울특별시
"12,500",중개거래,2013,2021,장안동,장안푸르미에,12,30,12.6512,서울 도봉구,466-5,11230,8,,,동대문구,서울특별시
"104,000",중개거래,2003,2021,장안동,장안현대홈타운(336),12,31,84.87,서울 동대문구,336,11230,3,,,동대문구,서울특별시
"153,000",중개거래,1978,2021,청량리동,미주,12,6,137.46,서울 동대문구,235-1,11230,9,,,동대문구,서울특별시
"24,000",중개거래,2013,2021,회기동,베라체캠퍼스,12,16,24.011,서울 동대문구,346-18,11230,10,,,동대문구,서울특별시
"24,800",중개거래,2013,2021,회기동,베라체캠퍼스,12,20,24.011,서울 동대문구,346-18,11230,4,,,동대문구,서울특별시
"22,300",중개거래,2013,2021,회기동,베라체캠퍼스,12,30,24.319,서울 동대문구,346-18,11230,4,,,동대문구,서울특별시
"20,800",중개거래,2020,2021,휘경동,캠퍼스드림오피스텔,12,3,16.04,,336-32,11230,14,,,동대문구,서울특별시
"68,500",중개거래,2000,2021,휘경동,롯데,12,12,59.94,서울 동대문구,78,11230,2,,,동대문구,서울특별시
"21,600",직거래,2020,2021,휘경동,캠퍼스드림오피스텔,12,13,16.04,,336-32,11230,9,,,동대문구,서울특별시
"114,000",중개거래,2001,2021,이문동,이문삼성래미안아파트,12,4,114.988,서울 동대문구,425,11230,11,22.01.26,O,동대문구,서울특별시
"82,000",중개거래,2003,2021,이문동,대림e-편한세상,12,8,59.958,서울 동대문구,225,11230,17,,,동대문구,서울특별시
"75,000",중개거래,1997,2021,이문동,삼익,12,11,59.95,서울 동대문구,73,11230,10,,,동대문구,서울특별시
"16,000",직거래,2015,2021,노량진동,메가스터디타워,12,1,16.01,,57-1,11590,11,,,동작구,서울특별시
"15,600",중개거래,2015,2021,노량진동,메가스터디타워,12,3,15.974,서울 동작구,57-1,11590,10,,,동작구,서울특별시
"12,800",중개거래,2015,2021,노량진동,메가스터디타워,12,7,15.974,서울 동작구,57-1,11590,9,,,동작구,서울특별시
"14,500",중개거래,2015,2021,노량진동,메가스터디타워,12,11,15.974,서울 동작구,57-1,11590,9,,,동작구,서울특별시
"85,300",중개거래,2001,2021,노량진동,삼익,12,18,84.68,서울 동작구,330,11590,19,,,동작구,서울특별시
"123,000",중개거래,1974,2021,노량진동,노량진맨션,12,24,56.06,서울 동작구,227-5,11590,4,,,동작구,서울특별시
"23,500",중개거래,2015,2021,노량진동,메가스터디타워,12,28,21.746,서울 동작구,57-1,11590,13,,,동작구,서울특별시
"16,500",중개거래,2015,2021,노량진동,메가스터디타워,12,29,16.01,서울 동작구,57-1,11590,13,,,동작구,서울특별시
"46,000",직거래,2019,2021,상도동,상도고구아파트,12,1,70.68,,7-98,11590,2,,,동작구,서울특별시
"17,000",직거래,2016,2021,상도동,상도휴엔하임,12,1,16.84,,363-164,11590,15,,,동작구,서울특별시
"138,000",중개거래,2004,2021,상도동,상도동래미안1차,12,1,114.171,서울 동작구,450,11590,1,,,동작구,서울특별시
"110,000",중개거래,1994,2021,상도동,상도동삼호아파트,12,2,114.63,서울 동작구,408,11590,17,,,동작구,서울특별시
"168,000",중개거래,2018,2021,상도동,e편한세상상도노빌리티,12,4,84.9704,서울 동작구,903,11590,14,,,동작구,서울특별시
"142,150",중개거래,2004,2021,상도동,래미안상도3차,12,11,84.96,서울 동작구,431,11590,7,,,동작구,서울특별시
"176,000",중개거래,2018,2021,상도동,e편한세상상도노빌리티,12,16,84.8746,서울 동작구,903,11590,22,,,동작구,서울특별시
"146,000",중개거래,2018,2021,상도동,e편한세상상도노빌리티,12,17,59.7827,서울 동작구,903,11590,27,,,동작구,서울특별시
"113,000",중개거래,1994,2021,상도동,상도동삼호아파트,12,17,114.63,"서울 관악구, 서울 용산구",408,11590,17,,,동작구,서울특별시
"145,000",중개거래,2004,2021,상도동,래미안상도3차,12,17,114.97,서울 동작구,431,11590,1,,,동작구,서울특별시
"97,000",중개거래,1994,2021,상도동,상도동삼호아파트,12,19,84.52,"서울 관악구, 서울 동작구",408,11590,16,,,동작구,서울특별시
"45,800",직거래,2019,2021,상도동,상도고구아파트,12,23,70.68,,7-98,11590,2,,,동작구,서울특별시
"40,000",중개거래,2003,2021,상도1동,숭실그랜드,12,15,71.37,서울 동작구,317-1,11590,5,,,동작구,서울특별시
"115,000",중개거래,2000,2021,본동,유원강변,12,28,59.79,"서울 동작구, 서울 서초구",482,11590,9,,,동작구,서울특별시
"130,500",중개거래,2004,2021,본동,삼성래미안,12,30,84.2261,서울 동작구,492,11590,4,,,동작구,서울특별시
"230,000",중개거래,2019,2021,흑석동,아크로리버하임,12,18,84.7536,서울 동작구,341,11590,11,,,동작구,서울특별시
"267,000",중개거래,1988,2021,흑석동,한강현대,12,23,131.4,"서울 동작구, 서울 서초구",28,11590,9,,,동작구,서울특별시
"181,000",중개거래,2019,2021,흑석동,아크로리버하임,12,29,59.9154,"서울 동작구, 서울 서초구",341,11590,5,,,동작구,서울특별시
"105,000",중개거래,2003,2021,흑석동,흑석동양아파트,12,31,84.991,서울 관악구,328,11590,1,,,동작구,서울특별시
"150,000",중개거래,2006,2021,동작동,이수교KCC스위첸,12,6,120.71,서울 강남구,332,11590,7,,,동작구,서울특별시
"128,000",중개거래,1993,2021,사당동,극동(105),12,7,110.14,서울 동작구,105,11590,12,,,동작구,서울특별시
"150,000",직거래,2010,2021,사당동,이수자이,12,7,120.17,,147-29,11590,14,,,동작구,서울특별시
"90,000",중개거래,1999,2021,사당동,사당자이,12,26,60,서울 동작구,1139,11590,17,,,동작구,서울특별시
"125,000",중개거래,1993,2021,사당동,사당우성3,12,31,118.25,서울 동작구,105,11590,9,,,동작구,서울특별시
"82,600",중개거래,1997,2021,대방동,신한토탈,12,6,84.64,"서울 강남구, 서울 동작구",41,11590,13,,,동작구,서울특별시
"113,000",중개거래,1993,2021,대방동,대림아파트,12,14,59.84,서울 동작구,501,11590,11,,,동작구,서울특별시
"112,500",중개거래,1995,2021,대방동,주공2,12,15,59.97,"서울 도봉구, 서울 동작구",503,11590,1,,,동작구,서울특별시
"13,600",중개거래,2012,2021,대방동,아데나339,12,24,15.36,서울 영등포구,515,11590,4,,,동작구,서울특별시
"137,000",중개거래,1988,2021,신대방동,우성1,12,2,84.99,"서울 강서구, 서울 동작구",565,11590,16,,,동작구,서울특별시
"132,500",중개거래,2006,2021,신대방동,성원상떼빌,12,10,132.43,서울 용산구,719,11590,15,,,동작구,서울특별시
"104,500",중개거래,1988,2021,신대방동,우성1,12,16,66.69,서울 동작구,565,11590,9,,,동작구,서울특별시
"142,000",중개거래,1988,2021,신대방동,우성1,12,16,126.16,서울 동작구,565,11590,1,,,동작구,서울특별시
"180,000",중개거래,2017,2021,아현동,마포센트럴아이파크,12,4,84.9699,"경기 고양덕양구, 서울 서대문구",802,11440,28,,,마포구,서울특별시
"85,250",직거래,2004,2021,공덕동,공덕2삼성래미안,12,10,84.94,,43,11440,17,,,마포구,서울특별시
"173,000",중개거래,2011,2021,공덕동,래미안공덕5차,12,20,84.851,서울 마포구,469,11440,9,,,마포구,서울특별시
"172,000",중개거래,2015,2021,공덕동,공덕파크자이,12,31,84.996,서울 마포구,476,11440,12,,,마포구,서울특별시
"38,000",중개거래,2019,2021,신공덕동,블레스하임,12,2,23.89,서울 용산구,13-15,11440,6,,,마포구,서울특별시
"97,500",중개거래,2000,2021,신공덕동,신공덕래미안2차,12,4,59.48,서울 마포구,159,11440,1,,,마포구,서울특별시
"128,500",중개거래,2003,2021,신공덕동,신공덕래미안3차,12,10,59.96,서울 마포구,161,11440,7,,,마포구,서울특별시
"41,000",중개거래,2019,2021,신공덕동,블레스하임,12,13,23.59,서울 마포구,13-15,11440,9,,,마포구,서울특별시
"196,500",중개거래,2013,2021,신공덕동,신공덕아이파크,12,23,114.97,서울 마포구,174,11440,11,,,마포구,서울특별시
"133,500",중개거래,1996,2021,도화동,도화동현대,12,4,79.83,서울 마포구,357,11440,13,,,마포구,서울특별시
"120,000",직거래,1991,2021,도화동,우성,12,15,68.94,,82,11440,3,,,마포구,서울특별시
"45,000",직거래,2004,2021,도화동,한화오벨리스크,12,17,36.49,,555,11440,12,,,마포구,서울특별시
"127,000",중개거래,1996,2021,도화동,도화동현대,12,21,68.22,서울 마포구,357,11440,4,,,마포구,서울특별시
"174,000",중개거래,1996,2021,도화동,도화동현대,12,29,147.37,서울 마포구,357,11440,8,,,마포구,서울특별시
"105,000",중개거래,2010,2021,용강동,대호강변,12,6,84.9,서울 마포구,118-3,11440,3,,,마포구,서울특별시
"105,000",중개거래,2010,2021,용강동,대호강변,12,7,84.9,서울 마포구,118-3,11440,3,,,마포구,서울특별시
"180,000",중개거래,2015,2021,용강동,래미안마포리버웰,12,30,84.97,서울 마포구,502,11440,3,,,마포구,서울특별시
"199,000",중개거래,2020,2021,대흥동,신촌그랑자이(1단지),12,5,84.98,서울 마포구,806,11440,17,,,마포구,서울특별시
"17,500",중개거래,2014,2021,대흥동,서희스타힐스,12,25,12.85,서울 마포구,12-41,11440,17,,,마포구,서울특별시
"172,000",중개거래,2014,2021,대흥동,마포자이2차,12,27,84.95,서울 마포구,804,11440,4,22.03.03,O,마포구,서울특별시
"172,000",중개거래,2014,2021,대흥동,마포자이2차,12,27,84.95,서울 마포구,804,11440,4,,,마포구,서울특별시
"131,000",중개거래,2001,2021,염리동,염리삼성래미안,12,4,59.52,서울 마포구,520,11440,9,,,마포구,서울특별시
"170,000",중개거래,2001,2021,염리동,염리삼성래미안,12,9,114.48,서울 마포구,520,11440,12,,,마포구,서울특별시
"84,000",중개거래,1997,2021,염리동,상록,12,11,49.02,서울 마포구,515-1,11440,13,,,마포구,서울특별시
"90,000",중개거래,1997,2021,염리동,상록,12,13,58.71,서울 마포구,515-1,11440,2,,,마포구,서울특별시
"230,000",중개거래,2003,2021,염리동,마포자이,12,21,135.376,서울 마포구,521,11440,16,,,마포구,서울특별시
"85,000",중개거래,1997,2021,염리동,상록,12,27,49.8,서울 마포구,515-1,11440,11,,,마포구,서울특별시
"122,000",중개거래,2001,2021,염리동,염리삼성래미안,12,31,59.76,서울 마포구,520,11440,13,,,마포구,서울특별시
"25,800",중개거래,2002,2021,노고산동,현대벤처빌,12,7,32.8,서울 마포구,107-36,11440,15,,,마포구,서울특별시
"25,000",중개거래,2004,2021,노고산동,신촌포스빌,12,18,32.34,서울 마포구,1-3,11440,4,,,마포구,서울특별시
"107,000",중개거래,1997,2021,신수동,신촌삼익,12,6,59.85,서울 마포구,450,11440,5,,,마포구,서울특별시
"197,000",중개거래,2019,2021,신수동,신촌숲아이파크,12,22,84.901,"서울 마포구, 서울 서초구",462,11440,9,,,마포구,서울특별시
"124,500",중개거래,2007,2021,신수동,마포경남아너스빌,12,25,84.95,서울 마포구,456,11440,12,,,마포구,서울특별시
"217,000",중개거래,2019,2021,신수동,신촌숲아이파크,12,27,84.901,서울 마포구,462,11440,23,,,마포구,서울특별시
"190,000",중개거래,2016,2021,현석동,래미안웰스트림,12,25,84.96,서울 마포구,225,11440,17,,,마포구,서울특별시
"138,000",중개거래,2007,2021,창전동,해모로,12,14,59.867,서울 마포구,443,11440,9,,,마포구,서울특별시
"125,000",중개거래,2007,2021,창전동,서강오벨리스크스위트,12,17,84.96,"서울 마포구, 서울 서대문구",442,11440,11,,,마포구,서울특별시
"59,500",중개거래,2007,2021,창전동,중앙하이츠103동,12,17,57.86,서울 마포구,42-9,11440,2,,,마포구,서울특별시
"115,000",중개거래,1998,2021,창전동,창전래미안,12,21,59.94,서울 마포구,437,11440,10,,,마포구,서울특별시
"165,500",중개거래,2014,2021,상수동,래미안밤섬리베뉴Ⅱ,12,17,84.82,서울 마포구,398,11440,3,,,마포구,서울특별시
"197,500",중개거래,2012,2021,서교동,메세나폴리스,12,4,122.867,서울 마포구,490,11440,7,,,마포구,서울특별시
"81,000",중개거래,2005,2021,서교동,대우미래사랑,12,11,84.96,서울 영등포구,487,11440,3,,,마포구,서울특별시
"215,000",중개거래,2012,2021,서교동,메세나폴리스,12,20,122.867,서울 마포구,490,11440,17,,,마포구,서울특별시
"26,000",중개거래,2005,2021,서교동,대우미래사랑,12,20,34.29,서울 마포구,487,11440,2,,,마포구,서울특별시
"68,000",중개거래,2005,2021,서교동,대우미래사랑,12,22,68.11,서울 마포구,487,11440,7,,,마포구,서울특별시
"215,000",직거래,2015,2021,합정동,마포한강푸르지오,12,7,119.99,,472,11440,15,,,마포구,서울특별시
"81,000",중개거래,2021,2021,망원동,솔루체,12,1,54.13,서울 마포구,439-1,11440,6,,,마포구,서울특별시
"73,000",중개거래,2004,2021,망원동,두영이지안,12,8,59.95,서울 마포구,510,11440,5,22.01.14,O,마포구,서울특별시
"73,000",중개거래,2004,2021,망원동,두영이지안,12,8,59.95,서울 마포구,510,11440,5,,,마포구,서울특별시
"68,000",중개거래,2002,2021,망원동,광남캐스빌D,12,25,72.85,서울 마포구,465-32,11440,5,,,마포구,서울특별시
"57,000",중개거래,2007,2021,망원동,해오름2차,12,31,93.99,인천 서구,382-3,11440,3,,,마포구,서울특별시
"52,000",중개거래,2004,2021,연남동,서암,12,23,67.08,서울 마포구,250-8,11440,3,,,마포구,서울특별시
"105,000",중개거래,1986,2021,성산동,성산시영(대우),12,8,50.03,서울 마포구,446,11440,1,,,마포구,서울특별시
"69,800",중개거래,2005,2021,성산동,라인성서,12,22,84.945,경기 의왕시,25-1,11440,3,,,마포구,서울특별시
"133,000",중개거래,2006,2021,중동,울트라월드컵(참누리),12,14,84.9406,서울 마포구,398,11440,13,,,마포구,서울특별시
"89,500",중개거래,2002,2021,중동,건영월드컵,12,24,78.39,서울 마포구,393,11440,3,,,마포구,서울특별시
"57,500",중개거래,2009,2021,중동,수풍,12,26,84.76,서울 마포구,30-28,11440,4,,,마포구,서울특별시
"132,000",중개거래,2006,2021,상암동,상암월드컵파크4단지,12,5,84.89,서울 마포구,1655,11440,21,,,마포구,서울특별시
"130,000",직거래,2005,2021,상암동,상암월드컵파크7단지,12,10,84.74,,1660,11440,6,,,마포구,서울특별시
"149,000",중개거래,2005,2021,상암동,상암월드컵파크6단지,12,14,104.32,"경기 고양덕양구, 서울 마포구",1689,11440,6,,,마포구,서울특별시
"162,000",중개거래,2005,2021,상암동,상암월드컵파크6단지,12,21,104.32,서울 마포구,1689,11440,12,22.01.20,O,마포구,서울특별시
"162,000",중개거래,2005,2021,상암동,상암월드컵파크6단지,12,21,104.32,"서울 마포구, 서울 양천구",1689,11440,12,,,마포구,서울특별시
"161,000",중개거래,2005,2021,상암동,상암월드컵파크6단지,12,23,104.32,서울 마포구,1689,11440,12,,,마포구,서울특별시
"165,000",중개거래,2006,2021,상암동,상암월드컵파크4단지,12,29,104.78,서울 마포구,1655,11440,6,,,마포구,서울특별시
"68,000",중개거래,2003,2021,합동,사랑채,12,1,73.83,서울 서대문구,31-9,11410,2,,,서대문구,서울특별시
"130,000",중개거래,2011,2021,냉천동,돈의문센트레빌,12,21,84.99,"서울 강남구, 서울 서대문구",261,11410,10,,,서대문구,서울특별시
"75,000",직거래,1995,2021,영천동,독립문삼호,12,22,84.78,,100,11410,6,,,서대문구,서울특별시
"130,000",중개거래,1998,2021,현저동,독립문극동(200-0),12,11,84.87,서울 서대문구,200,11410,4,,,서대문구,서울특별시
"121,850",중개거래,2006,2021,북아현동,훼미리(1-70),12,3,79.85,"서울 마포구, 서울 서대문구",1-70,11410,3,,,서대문구,서울특별시
"186,300",중개거래,2018,2021,북아현동,이편한세상신촌(4단지),12,4,84.89,서울 서대문구,1013,11410,24,,,서대문구,서울특별시
"213,000",중개거래,2018,2021,북아현동,e편한세상신촌2단지,12,8,114.89,서울 서대문구,149,11410,8,,,서대문구,서울특별시
"63,000",중개거래,2004,2021,북아현동,건일팰리스,12,9,84.54,서울 서대문구,1-52,11410,3,,,서대문구,서울특별시
"180,000",중개거래,2018,2021,북아현동,e편한세상신촌2단지,12,13,84.98,서울 마포구,149,11410,17,,,서대문구,서울특별시
"100,700",중개거래,1999,2021,북아현동,두산,12,17,59.96,서울 서대문구,1009,11410,7,,,서대문구,서울특별시
"96,000",중개거래,1999,2021,북아현동,두산,12,18,59.96,서울 서대문구,1009,11410,11,,,서대문구,서울특별시
"142,000",중개거래,2018,2021,북아현동,e편한세상신촌1단지,12,23,59.85,서울 서대문구,1013,11410,3,,,서대문구,서울특별시
"171,000",중개거래,2018,2021,북아현동,e편한세상신촌1단지,12,26,84.93,서울 서대문구,1013,11410,11,,,서대문구,서울특별시
"63,700",중개거래,1998,2021,홍제동,태영으뜸(데시앙),12,4,67.3,서울 서대문구,373,11410,4,,,서대문구,서울특별시
"59,800",중개거래,1996,2021,홍제동,유원하나,12,9,58.77,서울 서대문구,454,11410,3,,,서대문구,서울특별시
"73,000",중개거래,1992,2021,홍제동,홍제현대,12,11,60.81,서울 서대문구,331,11410,5,,,서대문구,서울특별시
"60,000",중개거래,1972,2021,홍제동,서울맨션,12,26,63.23,서울 서대문구,315-7,11410,5,,,서대문구,서울특별시
"95,000",중개거래,2016,2021,홍제동,금호어울림,12,26,59.9138,서울 서대문구,471,11410,11,,,서대문구,서울특별시
"19,200",직거래,2018,2021,대현동,이대경우타운,12,10,15.32,,90-20,11410,9,,,서대문구,서울특별시
"26,600",중개거래,2014,2021,대현동,신촌자이엘라,12,17,22.13,서울 서대문구,104-36,11410,22,,,서대문구,서울특별시
"87,000",중개거래,2001,2021,연희동,성원,12,5,84.95,서울 서대문구,740,11410,4,,,서대문구,서울특별시
"15,300",중개거래,2014,2021,연희동,연희자이엘라,12,10,13.642,서울 서대문구,745,11410,10,,,서대문구,서울특별시
"83,900",중개거래,1997,2021,홍은동,홍은동벽산,12,1,84.96,서울 서대문구,455,11410,9,,,서대문구,서울특별시
"79,500",중개거래,2013,2021,홍은동,반석블레스,12,3,84.92,서울 서대문구,440-1,11410,2,,,서대문구,서울특별시
"100,000",중개거래,2005,2021,홍은동,신원지벤스타1,12,5,132.45,서울 서대문구,392-7,11410,5,,,서대문구,서울특별시
"57,300",중개거래,1987,2021,홍은동,유원,12,5,64.26,서울 서대문구,22,11410,4,,,서대문구,서울특별시
"81,000",중개거래,1997,2021,홍은동,홍은동벽산,12,10,84.78,서울 서대문구,455,11410,3,,,서대문구,서울특별시
"65,000",중개거래,1995,2021,홍은동,극동,12,11,84.92,서울 서대문구,454,11410,6,,,서대문구,서울특별시
"89,500",중개거래,1997,2021,홍은동,홍은동벽산,12,19,114.96,서울 서대문구,455,11410,2,,,서대문구,서울특별시
"102,000",중개거래,2020,2021,홍은동,북한산두산위브1차,12,19,84.78,서울 서대문구,467,11410,13,,,서대문구,서울특별시
"60,000",중개거래,1988,2021,홍은동,풍림1차,12,29,64.53,서울 서대문구,440-3,11410,6,,,서대문구,서울특별시
"71,000",중개거래,1998,2021,북가좌동,요진,12,24,82.08,서울 서대문구,150,11410,14,,,서대문구,서울특별시
"35,500",중개거래,2002,2021,북가좌동,한솔,12,25,78.32,서울 서대문구,7-2,11410,6,,,서대문구,서울특별시
"32,500",직거래,2017,2021,남가좌동,디엠씨엘가,12,4,30.36,,387,11410,6,,,서대문구,서울특별시
"85,500",중개거래,1999,2021,남가좌동,남가좌동현대,12,10,59.4,서울 서대문구,376,11410,6,,,서대문구,서울특별시
"85,000",중개거래,1999,2021,남가좌동,남가좌동현대,12,10,59.4,서울 서대문구,376,11410,16,,,서대문구,서울특별시
"33,500",직거래,2017,2021,남가좌동,디엠씨엘가,12,13,30.36,,387,11410,8,,,서대문구,서울특별시
"96,700",중개거래,1999,2021,남가좌동,남가좌동현대,12,18,73.65,"경기 용인처인구, 서울 서대문구",376,11410,17,,,서대문구,서울특별시
"274,500",중개거래,1999,2021,방배동,영지아트빌라,12,3,240.98,서울 용산구,1-106,11650,2,,,서초구,서울특별시
"30,000",중개거래,2005,2021,방배동,방배대우디오빌,12,3,29.6,서울 서초구,866-20,11650,8,,,서초구,서울특별시
"234,000",중개거래,2004,2021,방배동,래미안방배아트힐(1008-2),12,4,114.18,서울 서초구,1008-2,11650,12,,,서초구,서울특별시
"234,000",중개거래,2004,2021,방배동,래미안방배아트힐(1008-2),12,4,114.18,서울 서초구,1008-2,11650,12,21.12.30,O,서초구,서울특별시
"260,000",중개거래,2010,2021,방배동,서리풀e편한세상,12,7,84.97,서울 서초구,906-13,11650,8,,,서초구,서울특별시
"282,000",중개거래,1999,2021,방배동,월드빌리지,12,9,243.71,서울 서초구,838-1,11650,5,,,서초구,서울특별시
"220,000",중개거래,1999,2021,방배동,방배1차현대홈타운,12,9,84.96,서울 서초구,1344,11650,13,,,서초구,서울특별시
"30,000",중개거래,2005,2021,방배동,방배대우디오빌,12,10,29.6,서울 서초구,866-20,11650,6,,,서초구,서울특별시
"45,000",중개거래,2004,2021,방배동,한신트리플,12,12,39.31,서울 서초구,816-1,11650,8,,,서초구,서울특별시
"32,100",중개거래,2005,2021,방배동,방배대우디오빌,12,12,29.6,서울 서초구,866-20,11650,19,,,서초구,서울특별시
"335,000",중개거래,2009,2021,방배동,방배롯데캐슬로제,12,13,204.41,"서울 서초구, 서울 종로구",849-30,11650,3,,,서초구,서울특별시
"248,000",중개거래,1985,2021,방배동,임광,12,14,136.38,서울 서초구,1015,11650,6,,,서초구,서울특별시
"31,500",중개거래,2005,2021,방배동,방배대우디오빌,12,15,29.6,서울 서초구,866-20,11650,16,,,서초구,서울특별시
"132,000",중개거래,2021,2021,방배동,방배중앙센트레빌,12,16,59.936,서울 서초구,3282,11650,3,,,서초구,서울특별시
"126,500",중개거래,2002,2021,방배동,서초이에스에이3차,12,16,59.4,서울 서초구,1006-1,11650,12,,,서초구,서울특별시
"30,000",중개거래,2005,2021,방배동,방배대우디오빌,12,17,29.6,서울 서초구,866-20,11650,6,,,서초구,서울특별시
"32,000",중개거래,2005,2021,방배동,방배대우디오빌,12,21,29.6,서울 서초구,866-20,11650,19,,,서초구,서울특별시
"189,000",중개거래,2003,2021,방배동,대성유니드,12,21,124.95,서울 서초구,957-7,11650,2,,,서초구,서울특별시
"169,000",중개거래,2003,2021,방배동,삼성래미안1,12,22,84.91,경기 안양동안구,2626,11650,5,22.02.04,O,서초구,서울특별시
"169,000",중개거래,2003,2021,방배동,삼성래미안1,12,22,84.91,경기 안양동안구,2626,11650,5,,,서초구,서울특별시
"169,000",중개거래,2003,2021,방배동,삼성래미안1,12,22,84.91,경기 안양동안구,2626,11650,5,22.02.07,O,서초구,서울특별시
"253,000",중개거래,2010,2021,방배동,서리풀e편한세상,12,23,84.97,서울 서초구,906-13,11650,14,,,서초구,서울특별시
"270,000",중개거래,2001,2021,방배동,현대멤피스,12,27,159.47,서울 서초구,772-13,11650,13,22.05.11,O,서초구,서울특별시
"270,000",중개거래,2001,2021,방배동,현대멤피스,12,27,159.47,서울 서초구,772-13,11650,13,,,서초구,서울특별시
"44,000",중개거래,2004,2021,방배동,한신트리플,12,27,39.31,서울 서초구,816-1,11650,5,,,서초구,서울특별시
"180,000",중개거래,1991,2021,양재동,우성,12,19,84.58,서울 강동구,154-2,11650,14,,,서초구,서울특별시
"52,000",중개거래,2002,2021,양재동,파크뷰,12,23,43.47,서울 서초구,389-2,11650,5,,,서초구,서울특별시
"70,000",직거래,2001,2021,양재동,휴먼씨티,12,29,79.54,,402-15,11650,3,,,서초구,서울특별시
"184,000",중개거래,2013,2021,우면동,서초네이처힐6단지,12,18,114.95,경기 의왕시,737,11650,12,,,서초구,서울특별시
"240,000",중개거래,1987,2021,잠원동,강변,12,4,84.53,서울 서초구,53-15,11650,6,,,서초구,서울특별시
"273,000",중개거래,2002,2021,잠원동,동아,12,4,84.91,"서울 서초구, 서울 송파구",157,11650,15,,,서초구,서울특별시
"199,500",중개거래,2002,2021,잠원동,동아,12,6,59.92,서울 서초구,157,11650,5,22.05.04,O,서초구,서울특별시
"325,000",중개거래,1979,2021,잠원동,신반포4,12,9,105.89,서울 서초구,70,11650,7,,,서초구,서울특별시
"300,000",중개거래,2004,2021,잠원동,롯데캐슬갤럭시(50-1),12,11,109.56,"서울 강남구, 서울 서초구",50-1,11650,12,,,서초구,서울특별시
"405,000",중개거래,1996,2021,잠원동,청구빌라트,12,17,242.16,서울 서초구,55-7,11650,6,,,서초구,서울특별시
"370,000",중개거래,1978,2021,잠원동,신반포2,12,20,107.31,서울 서초구,73,11650,6,,,서초구,서울특별시
"490,000",중개거래,2018,2021,반포동,반포래미안아이파크,12,7,130.92,"경기 성남분당구, 서울 서초구",1341,11650,29,,,서초구,서울특별시
"360,000",중개거래,2009,2021,반포동,반포자이,12,11,84.943,"서울 서초구, 서울 성동구",20-43,11650,13,,,서초구,서울특별시
"340,000",중개거래,2012,2021,반포동,반포힐스테이트,12,11,84.77,서울 서초구,16-6,11650,15,,,서초구,서울특별시
"367,000",중개거래,2010,2021,반포동,반포리체,12,17,106.148,서울 서초구,30-26,11650,5,,,서초구,서울특별시
"311,000",중개거래,2021,2021,반포동,디에이치반포라클라스,12,20,84.9754,서울 서초구,1343,11650,17,,,서초구,서울특별시
"520,000",중개거래,2009,2021,반포동,반포자이,12,21,165.446,서울 서초구,20-43,11650,28,,,서초구,서울특별시
"540,000",중개거래,2009,2021,반포동,반포자이,12,22,194.515,서울 서초구,20-43,11650,13,,,서초구,서울특별시
"280,000",중개거래,1974,2021,반포동,에이아이디차관주택,12,25,72.51,서울 서초구,968,11650,2,,,서초구,서울특별시
"595,000",중개거래,2009,2021,반포동,반포자이,12,26,216.49,서울 서초구,20-43,11650,17,,,서초구,서울특별시
"398,000",중개거래,2016,2021,반포동,아크로리버파크,12,26,84.95,서울 서초구,2-12,11650,8,,,서초구,서울특별시
"133,000",중개거래,1987,2021,반포동,한신서래,12,28,45.72,서울 서초구,70-1,11650,6,,,서초구,서울특별시
"270,000",중개거래,2009,2021,반포동,반포자이,12,30,59.98,서울 서초구,20-43,11650,20,,,서초구,서울특별시
"490,000",중개거래,2016,2021,반포동,아크로리버파크,12,30,112.93,서울 서초구,2-12,11650,3,,,서초구,서울특별시
"82,300",중개거래,2017,2021,서초동,서초동프레스티지아파트,12,1,49.21,서울 서초구,1344-4,11650,6,,,서초구,서울특별시
"34,000",중개거래,2003,2021,서초동,서초이오빌,12,1,45.96,서울 서초구,1593-7,11650,3,,,서초구,서울특별시
"298,000",중개거래,1978,2021,서초동,신동아아파트(1차),12,6,132.1,"서울 강남구, 서울 서초구",1333,11650,9,,,서초구,서울특별시
"147,000",중개거래,2006,2021,서초동,브라운스톤서초(1677-1),12,6,80.09,서울 서초구,1677-1,11650,14,,,서초구,서울특별시
"260,000",직거래,2020,2021,서초동,래미안 리더스원,12,7,84.94,,1755,11650,19,,,서초구,서울특별시
"37,400",중개거래,2004,2021,서초동,풍림아이원플러스,12,7,35.903,"서울 강남구, 서울 서초구",1338-1,11650,11,,,서초구,서울특별시
"230,000",중개거래,2002,2021,서초동,현대성우주상복합아파트,12,7,161.91,서울 서초구,1316-15,11650,18,,,서초구,서울특별시
"29,500",중개거래,2002,2021,서초동,서초동삼성쉐르빌2,12,7,35.22,경기 양주시,1330,11650,9,,,서초구,서울특별시
"175,000",중개거래,2010,2021,서초동,롯데캐슬메디치,12,8,107.36,서울 서초구,1656-4,11650,9,,,서초구,서울특별시
"218,000",중개거래,1993,2021,서초동,유원서초,12,8,84.82,"서울 서초구, 서울 송파구",1687,11650,11,,,서초구,서울특별시
"52,000",중개거래,1999,2021,서초동,서초한신리빙타워,12,9,42.55,서울 서초구,1533,11650,5,,,서초구,서울특별시
"310,000",중개거래,2004,2021,서초동,아크로비스타,12,10,174.78,서울 서초구,1685-3,11650,23,,,서초구,서울특별시
"160,000",중개거래,2005,2021,서초동,서초동대우디오빌프라임,12,10,84.92,서울 서초구,1337-22,11650,13,,,서초구,서울특별시
"89,000",중개거래,2002,2021,서초동,서초동삼성쉐르빌2,12,11,70.49,서울 서초구,1330,11650,14,,,서초구,서울특별시
"21,000",중개거래,2014,2021,서초동,urbanplace,12,13,20.344,서울 서초구,1337-3,11650,5,,,서초구,서울특별시
"135,000",중개거래,2002,2021,서초동,서초화원그랑빌,12,13,100.29,서울 서초구,1510-15,11650,7,,,서초구,서울특별시
"31,500",중개거래,2002,2021,서초동,서초동삼성쉐르빌2,12,14,35.22,서울 서초구,1330,11650,12,,,서초구,서울특별시
"170,000",직거래,2004,2021,서초동,아크로비스타,12,14,134.97,,1685-3,11650,20,,,서초구,서울특별시
"19,500",중개거래,2014,2021,서초동,urbanplace,12,16,20.998,서울 서초구,1337-3,11650,4,22.01.11,O,서초구,서울특별시
"35,000",중개거래,2014,2021,서초동,강남아르젠,12,20,18.53,서울 서초구,1327-23,11650,7,,,서초구,서울특별시
"36,000",중개거래,2004,2021,서초동,풍림아이원플러스,12,21,35.903,"서울 서초구, 서울 성동구",1338-1,11650,9,,,서초구,서울특별시
"36,000",중개거래,2004,2021,서초동,풍림아이원플러스,12,21,35.903,서울 서초구,1338-1,11650,9,,,서초구,서울특별시
"295,000",중개거래,2004,2021,서초동,아크로비스타,12,22,152.33,서울 서초구,1685-3,11650,18,,,서초구,서울특별시
"31,000",중개거래,2002,2021,서초동,서초동삼성쉐르빌2,12,23,35.22,서울 서초구,1330,11650,7,,,서초구,서울특별시
"21,000",중개거래,2014,2021,서초동,urbanplace,12,23,20.334,서울 서초구,1337-3,11650,5,,,서초구,서울특별시
"29,000",중개거래,2002,2021,서초동,서초동삼성쉐르빌2,12,24,35.22,서울 서초구,1330,11650,3,,,서초구,서울특별시
"52,000",중개거래,2003,2021,서초동,대림서초리시온,12,30,42.21,서울 서초구,1671-5,11650,14,22.04.03,O,서초구,서울특별시
"280,000",중개거래,1988,2021,서초동,삼풍아파트,12,31,79.47,"서울 강남구, 서울 서초구",1685,11650,9,,,서초구,서울특별시
"269,000",중개거래,1988,2021,서초동,삼풍아파트,12,31,79.47,"서울 강남구, 서울 서초구",1685,11650,9,,,서초구,서울특별시
"134,000",중개거래,2014,2021,상왕십리동,텐즈힐(2구역),12,20,59.98,서울 성동구,811,11200,1,,,성동구,서울특별시
"123,000",중개거래,1996,2021,하왕십리동,청계벽산,12,10,84.94,서울 성동구,258,11200,9,,,성동구,서울특별시
"140,000",중개거래,2015,2021,하왕십리동,텐즈힐(1단지),12,12,59.88,서울 성동구,1066,11200,8,,,성동구,서울특별시
"175,000",중개거래,2016,2021,하왕십리동,센트라스,12,30,84.99,서울 성동구,1070,11200,8,,,성동구,서울특별시
"13,000",중개거래,2013,2021,하왕십리동,상리제나우스,12,31,12.84,서울 성동구,966-18,11200,6,,,성동구,서울특별시
"125,000",중개거래,1998,2021,마장동,현대,12,9,84.91,서울 성동구,818,11200,25,,,성동구,서울특별시
"17,500",중개거래,2015,2021,마장동,삼성홈타운,12,20,18.06,서울 성동구,834,11200,2,,,성동구,서울특별시
"101,000",중개거래,1997,2021,행당동,두산,12,3,59.94,서울 성동구,345,11200,21,,,성동구,서울특별시
"115,500",중개거래,2000,2021,행당동,행당한진타운,12,4,59.96,서울 성동구,346,11200,20,,,성동구,서울특별시
"257,500",중개거래,2014,2021,행당동,서울숲더샵,12,6,150.2,서울 성동구,377,11200,35,,,성동구,서울특별시
"73,000",중개거래,2003,2021,행당동,한성,12,18,83.64,서울 성동구,1-115,11200,5,,,성동구,서울특별시
"173,000",중개거래,2000,2021,행당동,대림e-편한세상,12,24,114.94,서울 성동구,347,11200,13,,,성동구,서울특별시
"173,000",중개거래,2000,2021,행당동,대림e-편한세상,12,24,114.94,서울 성동구,347,11200,13,22.04.06,O,성동구,서울특별시
"120,000",중개거래,2001,2021,금호동1가,금호삼성래미안,12,1,59.95,서울 성동구,1500,11200,8,,,성동구,서울특별시
"123,000",중개거래,2006,2021,금호동1가,신금호두산위브,12,1,84.32,서울 성동구,1818,11200,4,,,성동구,서울특별시
"100,000",직거래,2005,2021,금호동3가,금호1차푸르지오,12,27,59.97,,917,11200,4,21.12.30,O,성동구,서울특별시
"139,500",중개거래,2003,2021,금호동4가,롯데,12,3,84.99,서울 성동구,1250,11200,3,,,성동구,서울특별시
"162,000",중개거래,2007,2021,금호동4가,서울숲푸르지오,12,11,84.87,서울 성동구,340,11200,9,,,성동구,서울특별시
"143,000",중개거래,2001,2021,금호동4가,대우,12,17,84.71,서울 성동구,800,11200,5,,,성동구,서울특별시
"171,000",중개거래,2007,2021,금호동4가,서울숲푸르지오,12,22,84.6,서울 성동구,340,11200,6,,,성동구,서울특별시
"136,500",직거래,1986,2021,옥수동,극동,12,7,68.58,,428,11200,11,,,성동구,서울특별시
"204,000",중개거래,2012,2021,옥수동,래미안 옥수 리버젠,12,20,84.81,서울 성동구,561,11200,10,,,성동구,서울특별시
"151,000",중개거래,2016,2021,옥수동,옥수파크힐스117동~125동,12,27,59.78,서울 성동구,528-1,11200,12,,,성동구,서울특별시
"139,000",중개거래,1997,2021,성수동1가,쌍용,12,11,59.76,서울 성동구,706,11200,20,,,성동구,서울특별시
"105,000",중개거래,2017,2021,성수동1가,트리마제,12,23,25.3284,서울 마포구,718,11200,12,,,성동구,서울특별시
"550,000",중개거래,2017,2021,성수동1가,트리마제,12,27,152.1556,서울 성동구,718,11200,16,,,성동구,서울특별시
"100,000",중개거래,2003,2021,성수동2가,롯데캐슬파크,12,6,58.491,서울 성동구,835,11200,14,,,성동구,서울특별시
"108,000",중개거래,2001,2021,성수동2가,신성미소지움,12,22,59.4,서울 성동구,833,11200,1,,,성동구,서울특별시
"170,000",중개거래,2009,2021,성수동2가,힐스테이트,12,22,57.49,서울 성동구,843,11200,3,,,성동구,서울특별시
"16,000",직거래,2015,2021,성북동1가,휴아름스튜디오,12,15,13.28,,35-22,11290,11,,,성북구,서울특별시
"103,000",중개거래,2003,2021,돈암동,동부센트레빌,12,1,80.54,서울 성북구,633,11290,13,,,성북구,서울특별시
"67,850",중개거래,1998,2021,돈암동,한진(609-1),12,3,59.58,서울 성북구,609-1,11290,2,,,성북구,서울특별시
"51,800",중개거래,1998,2021,돈암동,한진(609-1),12,4,59.58,서울 강남구,609-1,11290,12,,,성북구,서울특별시
"87,800",중개거래,2004,2021,돈암동,이수브라운스톤돈암,12,6,59.99,서울 성북구,636,11290,17,,,성북구,서울특별시
"71,000",중개거래,1998,2021,돈암동,한진(609-1),12,25,59.58,서울 성북구,609-1,11290,11,,,성북구,서울특별시
"21,500",직거래,2018,2021,동소문동5가,성신여대역솔하임,12,16,14.022,,15,11290,9,,,성북구,서울특별시
"65,000",직거래,1999,2021,삼선동4가,코오롱,12,28,59.94,,73,11290,5,,,성북구,서울특별시
"123,000",중개거래,2005,2021,안암동1가,안암동삼성래미안,12,2,114.926,서울 성북구,361,11290,4,,,성북구,서울특별시
"90,500",중개거래,2008,2021,정릉동,정릉힐스테이트3차,12,6,84.97,서울 성북구,1031,11290,5,,,성북구,서울특별시
"80,500",중개거래,2008,2021,정릉동,정릉힐스테이트3차,12,6,59.98,서울 성북구,1031,11290,1,,,성북구,서울특별시
"45,000",직거래,2005,2021,정릉동,정릉풍림아이원,12,8,84.09,,239,11290,11,,,성북구,서울특별시
"89,000",중개거래,2008,2021,정릉동,정릉힐스테이트3차,12,10,84.97,서울 성북구,1031,11290,8,,,성북구,서울특별시
"60,000",중개거래,2005,2021,정릉동,정릉풍림아이원,12,16,59.88,서울 성북구,239,11290,4,,,성북구,서울특별시
"59,000",중개거래,1999,2021,정릉동,길음뉴타운경남아너스빌,12,16,45.77,서울 성북구,1015,11290,3,,,성북구,서울특별시
"77,000",중개거래,2000,2021,정릉동,정릉우성아파트 101~105동,12,18,84.96,서울 성북구,1020,11290,7,,,성북구,서울특별시
"45,000",중개거래,1977,2021,정릉동,"산장아파트가동,나동",12,18,52.89,서울 성북구,780,11290,4,,,성북구,서울특별시
"75,500",중개거래,2006,2021,정릉동,정릉e-편한세상,12,24,59.77,서울 성북구,1028,11290,13,,,성북구,서울특별시
"50,000",중개거래,2003,2021,정릉동,정릉동푸른,12,24,78.18,서울 성북구,767-2,11290,4,,,성북구,서울특별시
"60,000",중개거래,2005,2021,정릉동,정릉풍림아이원,12,28,59.88,서울 성북구,239,11290,6,,,성북구,서울특별시
"76,000",중개거래,2000,2021,정릉동,정릉우성아파트 101~105동,12,28,84.96,서울 성북구,1020,11290,10,,,성북구,서울특별시
"109,800",중개거래,2005,2021,길음동,길음뉴타운4단지(e편한세상),12,1,84.64,서울 성북구,1281,11290,17,,,성북구,서울특별시
"82,000",중개거래,2005,2021,길음동,길음뉴타운3단지푸르지오,12,18,59.99,서울 성북구,1280-1,11290,2,,,성북구,서울특별시
"142,000",중개거래,2010,2021,길음동,길음뉴타운8단지(래미안),12,18,114.99,서울 성북구,1284,11290,14,,,성북구,서울특별시
"120,000",중개거래,2019,2021,길음동,래미안길음센터피스,12,20,59.99,서울 성북구,498,11290,25,,,성북구,서울특별시
"105,900",중개거래,2010,2021,길음동,길음뉴타운8단지(래미안),12,23,84.94,서울 성북구,1284,11290,2,,,성북구,서울특별시
"83,000",중개거래,2004,2021,종암동,삼성래미안,12,4,59.99,서울 성북구,80,11290,7,,,성북구,서울특별시
"90,000",중개거래,2010,2021,종암동,종암2차SKVIEW,12,13,59.98,서울 성북구,135,11290,6,,,성북구,서울특별시
"90,000",중개거래,2008,2021,종암동,우림카이저팰리스,12,13,84.98,서울 성북구,132,11290,16,,,성북구,서울특별시
"102,000",중개거래,2005,2021,종암동,아이파크종암동2차,12,15,84.73,서울 성북구,131,11290,13,,,성북구,서울특별시
"110,000",중개거래,1999,2021,종암동,종암에스케이,12,18,114.75,서울 성북구,104-1,11290,26,,,성북구,서울특별시
"92,500",중개거래,2009,2021,종암동,래미안세레니티,12,19,59.97,서울 성북구,133,11290,8,,,성북구,서울특별시
"86,800",중개거래,2004,2021,종암동,삼성래미안,12,21,59.99,서울 성북구,80,11290,15,,,성북구,서울특별시
"97,500",중개거래,2009,2021,종암동,래미안세레니티,12,25,59.97,서울 성북구,133,11290,7,,,성북구,서울특별시
"56,000",중개거래,1998,2021,종암동,선경(127),12,25,59.17,서울 성북구,127,11290,2,,,성북구,서울특별시
"143,500",중개거래,2011,2021,하월곡동,동일하이빌뉴시티,12,5,126.6,"서울 강북구, 서울 도봉구",230,11290,20,,,성북구,서울특별시
"65,000",직거래,2006,2021,하월곡동,래미안월곡,12,7,59.754,,225,11290,8,,,성북구,서울특별시
"115,000",직거래,2006,2021,하월곡동,래미안월곡,12,14,84.589,,225,11290,18,,,성북구,서울특별시
"90,000",중개거래,1998,2021,하월곡동,동신,12,17,114.88,서울 성북구,219,11290,1,,,성북구,서울특별시
"98,000",중개거래,2007,2021,하월곡동,월곡래미안루나밸리,12,21,59.98,"서울 동대문구, 서울 성북구",226,11290,11,,,성북구,서울특별시
"86,700",중개거래,2003,2021,상월곡동,동아에코빌,12,10,84.97,경기 성남분당구,101,11290,9,,,성북구,서울특별시
"54,500",중개거래,1994,2021,상월곡동,우남푸르미아,12,25,59.64,서울 성북구,55-56,11290,11,,,성북구,서울특별시
"12,500",중개거래,2019,2021,장위동,석계역한일노벨리아시티,12,1,14.7145,서울 성북구,8-2,11290,10,,,성북구,서울특별시
"80,000",중개거래,2003,2021,장위동,세영아파트,12,16,52.56,서울 성북구,233-608,11290,2,,,성북구,서울특별시
"11,000",중개거래,2019,2021,장위동,석계역한일노벨리아시티,12,17,14.7145,서울 성북구,8-2,11290,6,,,성북구,서울특별시
"11,025",중개거래,2019,2021,장위동,석계역한일노벨리아시티,12,22,15.2144,서울 성북구,8-2,11290,9,,,성북구,서울특별시
"11,550",중개거래,2019,2021,장위동,석계역한일노벨리아시티,12,28,15.2144,서울 성북구,8-2,11290,12,,,성북구,서울특별시
"60,000",중개거래,1994,2021,석관동,중앙하이츠,12,2,59.79,서울 성북구,110-2,11290,5,,,성북구,서울특별시
"84,000",중개거래,2011,2021,석관동,신동아파밀리에,12,24,84.81,세종시,408,11290,6,,,성북구,서울특별시
"255,000",중개거래,2008,2021,잠실동,리센츠,12,2,84.99,서울 송파구,22,11710,5,,,송파구,서울특별시
"285,000",중개거래,2006,2021,잠실동,레이크팰리스,12,3,116.19,서울 송파구,44,11710,16,,,송파구,서울특별시
"257,000",중개거래,2008,2021,잠실동,리센츠,12,4,84.99,서울 송파구,22,11710,11,,,송파구,서울특별시
"31,500",중개거래,2021,2021,잠실동,NS파인트리,12,6,19.7,서울 송파구,183-12,11710,13,,,송파구,서울특별시
"385,000",중개거래,1986,2021,잠실동,아시아선수촌아파트,12,9,151.008,서울 송파구,86,11710,4,,,송파구,서울특별시
"270,000",중개거래,2006,2021,잠실동,레이크팰리스,12,17,116.19,서울 송파구,44,11710,20,,,송파구,서울특별시
"264,500",중개거래,2008,2021,잠실동,잠실엘스,12,21,84.8,"경기 성남분당구, 서울 송파구",19,11710,20,,,송파구,서울특별시
"148,000",중개거래,1990,2021,잠실동,현대,12,23,84.68,서울 송파구,331,11710,6,,,송파구,서울특별시
"184,000",중개거래,2006,2021,잠실동,레이크팰리스,12,27,59.97,서울 송파구,44,11710,8,,,송파구,서울특별시
"251,000",중개거래,2008,2021,잠실동,잠실엘스,12,27,84.88,서울 송파구,19,11710,20,,,송파구,서울특별시
"278,000",중개거래,1978,2021,잠실동,주공아파트 5단지,12,29,76.5,서울 송파구,27,11710,5,,,송파구,서울특별시
"350,000",중개거래,2008,2021,잠실동,리센츠,12,30,124.22,서울 송파구,22,11710,20,,,송파구,서울특별시
"82,900",중개거래,1988,2021,신천동,한신코아,12,1,31.5,서울 송파구,11-9,11710,3,,,송파구,서울특별시
"105,000",직거래,1988,2021,신천동,한신코아,12,21,41.99,,11-9,11710,14,,,송파구,서울특별시
"124,500",중개거래,1998,2021,풍납동,씨티극동1,12,1,83.5,"서울 송파구, 충북 제천시",509,11710,5,,,송파구,서울특별시
"120,000",직거래,1985,2021,풍납동,미성,12,9,116.965,,219,11710,1,,,송파구,서울특별시
"114,500",중개거래,1999,2021,풍납동,현대리버빌1지구,12,10,59.96,서울 송파구,260,11710,5,,,송파구,서울특별시
"107,000",중개거래,1999,2021,풍납동,현대리버빌2지구,12,11,59.4,서울 송파구,261,11710,10,,,송파구,서울특별시
"95,000",직거래,1995,2021,풍납동,현대1,12,21,71.17,,413-1,11710,15,,,송파구,서울특별시
"82,500",중개거래,1999,2021,풍납동,현대리버빌1지구,12,25,43.2,서울 송파구,260,11710,3,,,송파구,서울특별시
"185,000",중개거래,1999,2021,풍납동,현대리버빌1지구,12,31,187.12,서울 송파구,260,11710,4,,,송파구,서울특별시
"171,000",중개거래,2001,2021,송파동,송파삼성래미안아파트,12,4,87.98,"서울 금천구, 서울 송파구",162,11710,12,,,송파구,서울특별시
"121,500",중개거래,1997,2021,송파동,현대,12,4,59.91,서울 송파구,163-14,11710,10,,,송파구,서울특별시
"173,000",중개거래,2001,2021,송파동,송파삼성래미안아파트,12,21,87.98,서울 송파구,162,11710,11,,,송파구,서울특별시
"28,800",중개거래,2015,2021,석촌동,석촌호수효성해링턴타워,12,4,15.8307,서울 송파구,24-3,11710,13,,,송파구,서울특별시
"226,000",중개거래,2018,2021,가락동,헬리오시티,12,4,84.99,서울 송파구,913,11710,6,,,송파구,서울특별시
"229,000",중개거래,2018,2021,가락동,헬리오시티,12,4,84.99,서울 송파구,913,11710,16,,,송파구,서울특별시
"136,500",중개거래,1991,2021,가락동,현대(60동),12,7,82.16,서울 송파구,161-1,11710,8,,,송파구,서울특별시
"127,000",중개거래,2018,2021,가락동,헬리오시티,12,12,39.17,서울 송파구,913,11710,18,,,송파구,서울특별시
"222,500",중개거래,2018,2021,가락동,헬리오시티,12,15,84.95,"서울 강서구, 서울 송파구",913,11710,29,,,송파구,서울특별시
"145,000",중개거래,1993,2021,가락동,한신1,12,15,84.53,서울 송파구,102,11710,10,,,송파구,서울특별시
"86,000",중개거래,2002,2021,가락동,주성파크빌,12,17,84.9,서울 송파구,169-13,11710,4,,,송파구,서울특별시
"172,000",중개거래,1984,2021,가락동,삼환,12,18,121.04,서울 송파구,176,11710,9,,,송파구,서울특별시
"75,000",중개거래,1989,2021,문정동,문정시영,12,1,35.46,서울 송파구,145,11710,13,,,송파구,서울특별시
"86,800",중개거래,1989,2021,문정동,문정시영,12,10,39.69,서울 송파구,145,11710,6,,,송파구,서울특별시
"185,000",중개거래,2004,2021,문정동,문정래미안,12,18,120.97,"서울 강동구, 서울 송파구",1,11710,15,,,송파구,서울특별시
"193,200",중개거래,1988,2021,문정동,올림픽훼밀리타운,12,22,84.705,서울 송파구,150,11710,10,,,송파구,서울특별시
"60,000",중개거래,1989,2021,문정동,문정시영,12,23,25.65,서울 송파구,145,11710,2,,,송파구,서울특별시
"114,000",중개거래,2013,2021,장지동,송파더센트레,12,2,51.96,서울 송파구,879,11710,3,,,송파구,서울특별시
"131,500",중개거래,2007,2021,장지동,송파파인타운9단지,12,10,59.95,"서울 강남구, 서울 송파구",843,11710,10,,,송파구,서울특별시
"107,500",중개거래,2013,2021,장지동,송파더센트레,12,12,51.77,경기 성남수정구,879,11710,2,,,송파구,서울특별시
"118,700",중개거래,2013,2021,장지동,위례24단지(꿈에그린),12,14,59.96,서울 송파구,901,11710,1,,,송파구,서울특별시
"168,000",중개거래,2016,2021,장지동,위례중앙푸르지오1단지,12,31,84.4323,서울 송파구,897,11710,5,,,송파구,서울특별시
"200,000",중개거래,2006,2021,방이동,한승,12,3,190.52,서울 송파구,168,11710,3,,,송파구,서울특별시
"34,800",중개거래,2018,2021,방이동,동광팰리스,12,16,22.57,서울 송파구,50-10,11710,10,,,송파구,서울특별시
"120,000",중개거래,1988,2021,오금동,상아2차아파트,12,4,60,서울 송파구,165,11710,11,,,송파구,서울특별시
"180,000",직거래,1984,2021,오금동,현대(2-4차),12,7,84.98,,43,11710,8,,,송파구,서울특별시
"120,000",직거래,2018,2021,오금동,송파레미니스2단지,12,20,84.82,,617,11710,15,,,송파구,서울특별시
"145,000",중개거래,2009,2021,오금동,올림픽파크센트레빌,12,21,84.6819,서울 송파구,615,11710,15,,,송파구,서울특별시
"56,800",중개거래,2003,2021,오금동,아키스,12,22,61.82,서울 송파구,80-14,11710,7,,,송파구,서울특별시
"182,000",중개거래,1988,2021,오금동,대림,12,24,125.79,서울 송파구,2,11710,5,,,송파구,서울특별시
"98,000",중개거래,1997,2021,거여동,거여4단지,12,3,59.73,서울 송파구,293,11710,12,,,송파구,서울특별시
"91,000",중개거래,1997,2021,거여동,거여4단지,12,16,49.8,서울 송파구,293,11710,1,,,송파구,서울특별시
"96,000",중개거래,1997,2021,거여동,거여4단지,12,17,49.8,"서울 강남구, 서울 송파구",293,11710,4,,,송파구,서울특별시
"136,700",중개거래,2020,2021,거여동,e편한세상송파파크센트럴,12,24,59.93,"서울 강남구, 서울 마포구",696,11710,5,,,송파구,서울특별시
"45,000",직거래,2015,2021,마천동,한주리버뷰,12,3,57.61,,22-1,11710,4,,,송파구,서울특별시
"44,400",직거래,2015,2021,마천동,한주리버뷰,12,3,63.24,,22-1,11710,10,,,송파구,서울특별시
"44,400",직거래,2015,2021,마천동,한주리버뷰,12,3,63.24,,22-1,11710,10,,,송파구,서울특별시
"45,000",직거래,2015,2021,마천동,한주리버뷰,12,3,57.61,,22-1,11710,5,,,송파구,서울특별시
"45,000",직거래,2015,2021,마천동,한주리버뷰,12,3,57.61,,22-1,11710,6,,,송파구,서울특별시
"30,000",직거래,2015,2021,마천동,한주리버뷰,12,3,57.61,,22-1,11710,7,,,송파구,서울특별시
"30,000",직거래,2015,2021,마천동,한주리버뷰,12,3,57.61,,22-1,11710,7,,,송파구,서울특별시
"52,000",직거래,2015,2021,마천동,한주리버뷰,12,3,64.32,,22-1,11710,8,,,송파구,서울특별시
"30,000",직거래,2015,2021,마천동,한주리버뷰,12,3,57.61,,22-1,11710,8,,,송파구,서울특별시
"51,000",직거래,2017,2021,마천동,대성골드클래스,12,13,28.96,,50,11710,9,,,송파구,서울특별시
"118,000",중개거래,1998,2021,마천동,마천동금호타운1,12,14,84.79,서울 송파구,304,11710,1,,,송파구,서울특별시
"93,000",중개거래,1998,2021,마천동,마천동금호타운1,12,23,59.93,서울 송파구,304,11710,5,,,송파구,서울특별시
"149,000",중개거래,1988,2021,신정동,목동신시가지11,12,1,66.24,서울 양천구,325,11470,7,,,양천구,서울특별시
"207,500",중개거래,1987,2021,신정동,목동신시가지10,12,1,105.58,서울 양천구,311,11470,12,,,양천구,서울특별시
"137,000",중개거래,1996,2021,신정동,목동삼성,12,4,84.77,서울 양천구,1278,11470,11,,,양천구,서울특별시
"100,000",직거래,1987,2021,신정동,목동신시가지13,12,4,70.73,,327,11470,11,,,양천구,서울특별시
"100,000",직거래,1987,2021,신정동,목동신시가지13,12,4,70.73,,327,11470,11,21.12.08,O,양천구,서울특별시
"61,500",중개거래,2001,2021,신정동,푸른마을2,12,8,49.16,서울 양천구,1281,11470,3,,,양천구,서울특별시
"155,000",중개거래,1997,2021,신정동,목동현대3차,12,9,84.77,"서울 성북구, 서울 양천구",1279,11470,16,,,양천구,서울특별시
"70,000",직거래,2001,2021,신정동,푸른마을3,12,11,59.91,,1283,11470,13,,,양천구,서울특별시
"280,000",중개거래,1987,2021,신정동,목동신시가지9,12,13,156.84,서울 양천구,312,11470,5,,,양천구,서울특별시
"80,000",중개거래,2000,2021,신정동,신트리4,12,14,59.73,서울 양천구,1277,11470,10,,,양천구,서울특별시
"57,700",중개거래,2002,2021,신정동,심미,12,15,81.88,서울 양천구,916-15,11470,5,,,양천구,서울특별시
"105,000",중개거래,2001,2021,신정동,목동2삼성래미안,12,17,59.92,서울 양천구,1295,11470,6,,,양천구,서울특별시
"161,500",중개거래,1987,2021,신정동,목동신시가지9,12,17,71.37,서울 양천구,312,11470,12,,,양천구,서울특별시
"61,000",중개거래,2000,2021,신정동,학마을1단지,12,17,49.98,서울 양천구,1293,11470,3,,,양천구,서울특별시
"64,000",중개거래,2003,2021,신정동,일진아이윌,12,18,69.657,서울 양천구,1218-1,11470,3,,,양천구,서울특별시
"188,000",중개거래,2003,2021,신정동,삼성쉐르빌,12,18,154.71,"경기 고양일산동구, 서울 양천구",318-10,11470,8,,,양천구,서울특별시
"200,500",중개거래,1987,2021,신정동,목동신시가지10,12,20,105.58,서울 양천구,311,11470,4,,,양천구,서울특별시
"150,000",중개거래,2016,2021,신정동,목동힐스테이트,12,24,59.95,서울 양천구,1323,11470,7,,,양천구,서울특별시
"185,500",중개거래,1987,2021,신정동,목동신시가지14,12,28,108.28,서울 양천구,329,11470,12,,,양천구,서울특별시
"341,500",중개거래,2009,2021,목동,트라팰리스웨스턴에비뉴,12,2,177.48,서울 양천구,962,11470,35,,,양천구,서울특별시
"260,000",중개거래,2009,2021,목동,트라팰리스웨스턴에비뉴,12,2,127.65,서울 양천구,962,11470,21,,,양천구,서울특별시
"115,000",중개거래,2005,2021,목동,목동두산위브,12,4,112.209,서울 양천구,953,11470,6,,,양천구,서울특별시
"146,500",중개거래,1986,2021,목동,목동신시가지6,12,7,47.94,서울 양천구,911,11470,12,,,양천구,서울특별시
"108,000",중개거래,2002,2021,목동,목동금호베스트빌,12,8,96.83,서울 양천구,549,11470,4,21.12.27,O,양천구,서울특별시
"147,000",중개거래,1986,2021,목동,목동신시가지6,12,8,47.94,"서울 양천구, 서울 영등포구",911,11470,9,,,양천구,서울특별시
"162,000",중개거래,2005,2021,목동,롯데캐슬위너,12,10,127.65,서울 강서구,956,11470,11,,,양천구,서울특별시
"154,500",중개거래,2005,2021,목동,롯데캐슬위너,12,10,114.75,서울 양천구,956,11470,5,,,양천구,서울특별시
"39,000",중개거래,2016,2021,목동,CG아름채목동아파트,12,13,39.201,서울 양천구,555-4,11470,7,,,양천구,서울특별시
"235,000",중개거래,1986,2021,목동,목동신시가지5,12,15,93.18,서울 양천구,912,11470,1,,,양천구,서울특별시
"125,000",중개거래,2019,2021,목동,목동롯데캐슬마에스트로,12,16,59.9846,서울 양천구,965,11470,7,,,양천구,서울특별시
"115,000",중개거래,2002,2021,목동,금강에스쁘아,12,18,82.615,서울 양천구,753-1,11470,11,,,양천구,서울특별시
"108,000",중개거래,2002,2021,목동,목동금호베스트빌,12,24,125.37,서울 양천구,549,11470,1,,,양천구,서울특별시
"139,000",중개거래,2004,2021,목동,목동2차아이파크,12,25,84.85,서울 양천구,758-2,11470,5,,,양천구,서울특별시
"108,000",중개거래,2002,2021,목동,목동금호베스트빌,12,27,96.83,서울 양천구,549,11470,4,,,양천구,서울특별시
"132,000",중개거래,1999,2021,목동,진도2,12,28,59.46,서울 양천구,936,11470,8,,,양천구,서울특별시
"107,000",중개거래,1996,2021,목동,동도빌라트,12,28,143.52,서울 양천구,806-25,11470,8,,,양천구,서울특별시
"64,500",중개거래,1992,2021,목동,신목,12,30,74.64,서울 양천구,764-4,11470,1,,,양천구,서울특별시
"50,000",중개거래,2006,2021,신월동,아름다운세상,12,3,74.73,"서울 강서구, 서울 양천구",1038,11470,5,,,양천구,서울특별시
"44,000",중개거래,2001,2021,신월동,해주,12,3,59.59,서울 양천구,217-8,11470,12,,,양천구,서울특별시
"28,700",중개거래,2019,2021,신월동,양천홈타운1차,12,4,40.1,서울 양천구,456-1,11470,4,,,양천구,서울특별시
"133,000",중개거래,2020,2021,신월동,목동센트럴아이파크위브1단지,12,11,84.98,서울 양천구,1075,11470,9,,,양천구,서울특별시
"39,500",중개거래,2004,2021,신월동,예지보금자리,12,11,71.87,서울 양천구,1001-6,11470,6,,,양천구,서울특별시
"61,800",중개거래,1998,2021,신월동,성우,12,13,84.98,서울 양천구,429-1,11470,12,,,양천구,서울특별시
"110,500",중개거래,2020,2021,신월동,목동센트럴아이파크위브2단지,12,13,59.97,서울 양천구,1076,11470,20,,,양천구,서울특별시
"54,800",중개거래,2005,2021,신월동,신월6차보람,12,15,59.232,서울 양천구,125,11470,14,,,양천구,서울특별시
"54,800",중개거래,2005,2021,신월동,신월6차보람,12,15,59.232,서울 양천구,125,11470,14,22.01.06,O,양천구,서울특별시
"25,000",중개거래,1999,2021,신월동,태헌(신월프라자),12,16,56.97,"서울 강서구, 서울 양천구",128,11470,6,,,양천구,서울특별시
"54,000",중개거래,2003,2021,신월동,보람쉬움1,12,24,58.15,서울 양천구,416-1,11470,3,,,양천구,서울특별시
"94,500",중개거래,2012,2021,신월동,신정두산위브,12,24,59.78,서울 양천구,1055,11470,7,,,양천구,서울특별시
"91,000",중개거래,2009,2021,신월동,수명산SKVIEW,12,25,127.89,"서울 강서구, 서울 양천구",1053,11470,8,,,양천구,서울특별시
"60,000",중개거래,2009,2021,신월동,상진지오벨리,12,30,84.98,"서울 강서구, 서울 양천구",1059,11470,4,,,양천구,서울특별시
"44,000",중개거래,2021,2021,영등포동,라르파크,12,4,30.3116,서울 영등포구,651,11560,5,,,영등포구,서울특별시
"125,000",중개거래,2002,2021,영등포동,영등포푸르지오,12,11,79.777,서울 영등포구,647,11560,20,,,영등포구,서울특별시
"115,800",중개거래,2002,2021,영등포동,영등포푸르지오,12,18,59.912,서울 영등포구,647,11560,20,,,영등포구,서울특별시
"115,000",중개거래,2002,2021,영등포동,영등포푸르지오,12,18,59.912,서울 영등포구,647,11560,21,,,영등포구,서울특별시
"102,000",직거래,2002,2021,영등포동,영등포푸르지오,12,24,73.133,,647,11560,19,,,영등포구,서울특별시
"136,500",중개거래,2002,2021,영등포동,영등포푸르지오,12,28,84.84,서울 영등포구,647,11560,5,,,영등포구,서울특별시
"13,000",직거래,2013,2021,영등포동1가,여의도시티아이,12,1,12.59,,113-1,11560,12,,,영등포구,서울특별시
"13,800",직거래,2012,2021,영등포동1가,내이처해밀,12,15,14.89,,145,11560,11,,,영등포구,서울특별시
"10,750",중개거래,2011,2021,영등포동1가,헤렌어반,12,28,12.988,서울 영등포구,144,11560,4,,,영등포구,서울특별시
"15,000",직거래,2013,2021,영등포동2가,이지리움S,12,31,12.4,,28-117,11560,4,,,영등포구,서울특별시
"12,500",직거래,2014,2021,영등포동3가,포레스트힐시티,12,23,13.53,,19-2,11560,12,,,영등포구,서울특별시
"11,500",중개거래,2014,2021,영등포동3가,포레스트힐시티,12,23,13.53,서울 구로구,19-2,11560,13,,,영등포구,서울특별시
"14,000",중개거래,2012,2021,영등포동4가,영등포그랑그루,12,20,12.1,서울 영등포구,103,11560,10,,,영등포구,서울특별시
"14,000",중개거래,2012,2021,영등포동4가,영등포그랑그루,12,20,12.1,서울 영등포구,103,11560,12,,,영등포구,서울특별시
"13,000",중개거래,2012,2021,영등포동4가,영등포그랑그루,12,24,12.1,"서울 구로구, 서울 영등포구",103,11560,12,,,영등포구,서울특별시
"410,000",중개거래,2003,2021,여의도동,대우트럼프월드II,12,1,233.92,서울 영등포구,48,11560,34,22.02.11,O,영등포구,서울특별시
"265,000",중개거래,2008,2021,여의도동,여의도자이,12,8,148.94,서울 영등포구,47,11560,20,,,영등포구,서울특별시
"405,000",중개거래,1976,2021,여의도동,서울,12,10,139.31,"서울 강남구, 서울 영등포구",21-1,11560,4,,,영등포구,서울특별시
"205,000",중개거래,1974,2021,여의도동,은하,12,22,121.51,서울 영등포구,52,11560,5,,,영등포구,서울특별시
"122,000",중개거래,1997,2021,당산동1가,진로,12,20,84.87,서울 영등포구,16-1,11560,20,,,영등포구,서울특별시
"122,000",중개거래,1994,2021,당산동2가,당산2가현대홈타운,12,29,82.77,서울 영등포구,164,11560,3,,,영등포구,서울특별시
"105,000",중개거래,1988,2021,당산동4가,당산현대3차,12,4,59.26,서울 영등포구,88,11560,9,,,영등포구,서울특별시
"122,000",중개거래,1988,2021,당산동4가,당산현대3차,12,29,84.5,"서울 서대문구, 서울 영등포구",88,11560,5,,,영등포구,서울특별시
"183,000",중개거래,2003,2021,당산동5가,당산삼성래미안4차,12,2,115.78,서울 영등포구,42,11560,11,,,영등포구,서울특별시
"150,000",중개거래,2020,2021,당산동5가,당산센트럴아이파크,12,5,59.98,서울 영등포구,43,11560,9,,,영등포구,서울특별시
"17,000",중개거래,2012,2021,당산동6가,유탑유블레스,12,6,13.7067,서울 영등포구,336-4,11560,9,,,영등포구,서울특별시
"129,500",중개거래,2002,2021,당산동,강변래미안,12,10,79.05,서울 영등포구,376,11560,5,,,영등포구,서울특별시
"15,000",직거래,2015,2021,당산동,리버뷰,12,13,15.05,,121-130,11560,11,,,영등포구,서울특별시
"55,000",중개거래,2003,2021,당산동,칸리버팰리스,12,21,84.78,서울 영등포구,121-140,11560,2,,,영등포구,서울특별시
"67,000",중개거래,2007,2021,당산동,성재I캐슬2차,12,23,80.43,서울 영등포구,121-134,11560,6,,,영등포구,서울특별시
"15,300",직거래,2015,2021,당산동,리버뷰,12,28,15.54,,121-130,11560,12,,,영등포구,서울특별시
"15,300",직거래,2015,2021,당산동,리버뷰,12,28,15.54,,121-130,11560,13,,,영등포구,서울특별시
"99,500",중개거래,1988,2021,문래동3가,문래공원한신,12,11,58.96,서울 영등포구,77-2,11560,11,,,영등포구,서울특별시
"173,000",중개거래,2003,2021,문래동3가,문래힐스테이트,12,11,119.47,서울 영등포구,94,11560,21,,,영등포구,서울특별시
"170,000",중개거래,2003,2021,문래동3가,문래힐스테이트,12,29,137.82,서울 영등포구,94,11560,4,,,영등포구,서울특별시
"100,500",중개거래,2008,2021,문래동4가,리버뷰신안인스빌2단지,12,20,84.995,서울 영등포구,68,11560,11,,,영등포구,서울특별시
"96,000",중개거래,1987,2021,문래동6가,현대2차,12,18,79.72,서울 영등포구,45,11560,8,,,영등포구,서울특별시
"81,000",중개거래,1987,2021,문래동6가,현대2차,12,27,59.85,서울 영등포구,45,11560,12,,,영등포구,서울특별시
"61,650",직거래,1998,2021,문래동6가,대원,12,29,84.78,,47-1,11560,3,,,영등포구,서울특별시
"93,900",중개거래,1991,2021,양평동3가,현대3차,12,11,84.7,경기 용인수지구,79,11560,1,,,영등포구,서울특별시
"90,000",직거래,1996,2021,양평동5가,양평한신,12,9,59.94,,76,11560,2,,,영등포구,서울특별시
"105,000",중개거래,1998,2021,양평동5가,동보,12,23,84.48,서울 영등포구,9-1,11560,15,,,영등포구,서울특별시
"90,000",중개거래,1996,2021,양평동5가,양평한신,12,23,59.94,서울 영등포구,76,11560,5,,,영등포구,서울특별시
"95,000",중개거래,1998,2021,양평동5가,동보,12,31,84.48,서울 영등포구,9-1,11560,10,,,영등포구,서울특별시
"95,000",중개거래,1998,2021,양평동5가,동보,12,31,84.48,서울 영등포구,9-1,11560,10,22.01.25,O,영등포구,서울특별시
"95,000",중개거래,1999,2021,양평동6가,한솔,12,30,114.12,서울 영등포구,99,11560,4,,,영등포구,서울특별시
"113,500",중개거래,1997,2021,신길동,한성,12,10,84.98,서울 영등포구,769-1,11560,7,,,영등포구,서울특별시
"95,500",중개거래,1986,2021,신길동,우성1,12,11,64.4,서울 영등포구,365,11560,4,,,영등포구,서울특별시
"95,500",중개거래,1986,2021,신길동,우성1,12,11,64.4,서울 영등포구,365,11560,4,22.02.16,O,영등포구,서울특별시
"124,000",중개거래,2015,2021,신길동,래미안영등포프레비뉴,12,14,59.99,"서울 서초구, 서울 영등포구",4945,11560,4,,,영등포구,서울특별시
"124,000",중개거래,2015,2021,신길동,래미안영등포프레비뉴,12,14,59.99,"서울 서초구, 서울 영등포구",4945,11560,4,22.01.10,O,영등포구,서울특별시
"136,000",중개거래,2021,2021,신길동,신길센트럴자이아파트,12,15,59.98,서울 영등포구,4964,11560,19,,,영등포구,서울특별시
"132,000",중개거래,2017,2021,신길동,래미안에스티움,12,18,59.95,서울 영등포구,4950,11560,20,,,영등포구,서울특별시
"77,000",중개거래,1977,2021,신길동,남서울,12,19,41.62,"서울 마포구, 서울 영등포구",3002,11560,4,,,영등포구,서울특별시
"149,000",중개거래,2021,2021,신길동,신길센트럴자이아파트,12,27,75.87,서울 영등포구,4964,11560,5,,,영등포구,서울특별시
"10,300",중개거래,2013,2021,신길동,신길레전드힐스,12,29,13.74,서울 영등포구,261-22,11560,11,,,영등포구,서울특별시
"13,000",중개거래,2013,2021,신길동,프리가,12,29,13.66,서울 영등포구,65-21,11560,5,,,영등포구,서울특별시
"11,000",직거래,2012,2021,신길동,여의도리버뷰,12,30,12.96,,4942,11560,5,,,영등포구,서울특별시
"11,000",직거래,2013,2021,대림동,쌍용플래티넘S,12,1,18.24,,717,11560,7,,,영등포구,서울특별시
"68,500",중개거래,1992,2021,대림동,우성2,12,3,79.91,서울 영등포구,695,11560,5,,,영등포구,서울특별시
"87,500",중개거래,1992,2021,대림동,현대1,12,4,84.75,서울 영등포구,785-1,11560,3,,,영등포구,서울특별시
"10,900",중개거래,2013,2021,대림동,쌍용플래티넘S,12,15,18.24,서울 영등포구,717,11560,5,,,영등포구,서울특별시
"10,500",중개거래,2012,2021,대림동,(1101-1),12,22,14.46,서울 동작구,1101-1,11560,5,,,영등포구,서울특별시
"12,200",직거래,2013,2021,대림동,쌍용플래티넘S,12,28,18.24,,717,11560,9,,,영등포구,서울특별시
"69,000",중개거래,1985,2021,대림동,우성1,12,29,62.37,서울 영등포구,696,11560,1,,,영등포구,서울특별시
"10,500",중개거래,2012,2021,대림동,(1101-1),12,31,13.9,서울 영등포구,1101-1,11560,6,,,영등포구,서울특별시
"92,000",중개거래,2001,2021,산천동,한강타운,12,3,59.69,서울 마포구,204,11170,5,,,용산구,서울특별시
"120,000",중개거래,2001,2021,산천동,리버힐삼성,12,4,59.55,서울 용산구,193,11170,6,,,용산구,서울특별시
"150,500",중개거래,2019,2021,효창동,용산롯데캐슬센터포레,12,9,59.8677,서울 용산구,287,11170,5,,,용산구,서울특별시
"70,000",직거래,2001,2021,도원동,삼성래미안,12,15,59.94,,23,11170,12,,,용산구,서울특별시
"145,000",중개거래,2011,2021,용문동,브라운스톤,12,17,84.76,서울 용산구,90,11170,10,,,용산구,서울특별시
"19,900",중개거래,2013,2021,문배동,용산큐브,12,4,13.01,서울 용산구,24-4,11170,18,,,용산구,서울특별시
"220,000",중개거래,2010,2021,문배동,리첸시아용산B,12,10,145.78,서울 용산구,40-31,11170,23,,,용산구,서울특별시
"20,000",직거래,2013,2021,문배동,용산큐브,12,19,13.01,,24-4,11170,15,21.12.24,O,용산구,서울특별시
"17,600",직거래,2013,2021,문배동,용산큐브,12,27,13.01,,24-4,11170,20,,,용산구,서울특별시
"19,300",중개거래,2013,2021,문배동,용산큐브,12,30,13.01,경기 부천시,24-4,11170,15,,,용산구,서울특별시
"70,000",직거래,2021,2021,한강로1가,센트럴파크,12,30,27.82,,216-11,11170,6,,,용산구,서울특별시
"69,900",중개거래,2021,2021,한강로1가,센트럴파크,12,30,29.84,서울 용산구,216-11,11170,3,,,용산구,서울특별시
"310,000",중개거래,2009,2021,용산동5가,용산파크타워(24-0),12,14,134.02,서울 용산구,24,11170,14,,,용산구,서울특별시
"330,000",중개거래,2009,2021,용산동5가,용산파크타워(24-0),12,18,124.8,서울 용산구,24,11170,36,,,용산구,서울특별시
"300,000",중개거래,2004,2021,한강로3가,한강대우트럼프월드3,12,8,159.77,서울 중구,65-230,11170,20,,,용산구,서울특별시
"189,000",중개거래,1998,2021,이촌동,한가람,12,13,59.88,서울 용산구,404,11170,10,,,용산구,서울특별시
"445,000",중개거래,1971,2021,이촌동,한강맨숀,12,15,120.33,서울 용산구,300-23,11170,3,,,용산구,서울특별시
"400,000",중개거래,2008,2021,이태원동,준아트빌,12,29,228.02,"서울 서초구, 서울 용산구",124-1,11170,14,,,용산구,서울특별시
"370,000",중개거래,2002,2021,한남동,현대하이페리온,12,1,197.22,서울 용산구,805,11170,12,,,용산구,서울특별시
"900,000",중개거래,2019,2021,한남동,나인원한남,12,2,244.3478,서울 용산구,829,11170,2,,,용산구,서울특별시
"1,200,000",직거래,2020,2021,한남동,파르크한남,12,13,268.95,,410,11170,2,,,용산구,서울특별시
"80,000",중개거래,2004,2021,한남동,한남동리첸시아,12,15,37.53,서울 용산구,72-1,11170,11,,,용산구,서울특별시
"59,500",중개거래,1974,2021,한남동,한성1,12,15,32.17,서울 용산구,29-4,11170,5,,,용산구,서울특별시
"270,000",중개거래,2011,2021,한남동,한남더힐,12,22,59.686,서울 용산구,810,11170,2,,,용산구,서울특별시
"40,000",중개거래,1974,2021,한남동,한성1,12,28,24.76,서울 용산구,29-4,11170,-1,,,용산구,서울특별시
"79,000",중개거래,2003,2021,수색동,대림한숲(DMC이편한세상),12,4,59.895,서울 은평구,415-1,11380,7,,,은평구,서울특별시
"85,000",중개거래,2003,2021,수색동,대림한숲(DMC이편한세상),12,6,84.951,서울 은평구,415-1,11380,1,,,은평구,서울특별시
"103,000",중개거래,2021,2021,수색동,DMC롯데캐슬더퍼스트,12,9,59.96,서울 은평구,417,11380,7,,,은평구,서울특별시
"90,000",직거래,2003,2021,수색동,대림한숲(DMC이편한세상),12,25,114.18,,415-1,11380,14,,,은평구,서울특별시
"126,000",중개거래,2019,2021,녹번동,힐스테이트녹번,12,5,84.898,서울 은평구,282,11380,8,,,은평구,서울특별시
"145,000",중개거래,2019,2021,녹번동,힐스테이트녹번,12,7,84.898,"서울 서초구, 서울 은평구",282,11380,16,,,은평구,서울특별시
"85,000",중개거래,2001,2021,녹번동,녹번2현대,12,9,84.94,서울 은평구,278-1,11380,11,,,은평구,서울특별시
"109,000",직거래,2019,2021,녹번동,힐스테이트녹번,12,23,59.938,,282,11380,13,,,은평구,서울특별시
"147,000",중개거래,2015,2021,녹번동,북한산푸르지오,12,28,114.98,서울 은평구,281,11380,12,,,은평구,서울특별시
"65,900",직거래,2021,2021,불광동,연신내역트리플라101동,12,4,36.61,,484-63,11380,11,,,은평구,서울특별시
"95,000",중개거래,1988,2021,불광동,라이프미성,12,5,84.65,서울 은평구,248,11380,3,,,은평구,서울특별시
"81,000",중개거래,2009,2021,불광동,북한산힐스테이트1차아파트,12,9,59.817,서울 은평구,635,11380,8,,,은평구,서울특별시
"74,000",직거래,1988,2021,불광동,라이프미성,12,12,125.75,,248,11380,6,,,은평구,서울특별시
"81,000",직거래,1988,2021,불광동,라이프미성,12,15,66.7,,248,11380,13,,,은평구,서울특별시
"19,400",중개거래,2016,2021,불광동,정익제이원5차,12,24,16.07,서울 은평구,486-14,11380,13,,,은평구,서울특별시
"22,500",직거래,2021,2021,불광동,효민아크로뷰,12,30,15.09,,484-73,11380,16,,,은평구,서울특별시
"40,500",직거래,2021,2021,불광동,연신내역트리플라101동,12,31,22.67,,484-63,11380,13,,,은평구,서울특별시
"50,500",중개거래,2017,2021,갈현동,베로니스,12,10,52.1,경기 성남수정구,468-5,11380,6,,,은평구,서울특별시
"42,500",중개거래,2001,2021,갈현동,갈현건영,12,11,59.99,서울 은평구,541-1,11380,1,,,은평구,서울특별시
"89,950",중개거래,2004,2021,구산동,경남아너스빌,12,4,122.77,서울 은평구,224,11380,11,,,은평구,서울특별시
"52,500",중개거래,2009,2021,구산동,구산그린빌,12,9,59.5,서울 은평구,226,11380,3,,,은평구,서울특별시
"68,000",중개거래,2004,2021,구산동,갈현1단지e-편한세상,12,11,84.618,서울 은평구,547,11380,4,,,은평구,서울특별시
"43,700",직거래,2021,2021,구산동,벨뷰아파트,12,18,48.84,,321-28,11380,2,,,은평구,서울특별시
"48,100",직거래,2004,2021,구산동,경남아너스빌,12,29,122.77,,224,11380,16,,,은평구,서울특별시
"31,500",직거래,2021,2021,대조동,대경아르체아파트,12,8,25.28,,26-14,11380,8,,,은평구,서울특별시
"41,000",직거래,2021,2021,대조동,대경아르체아파트,12,10,29.99,,26-14,11380,13,,,은평구,서울특별시
"45,000",직거래,2021,2021,대조동,대경아르체아파트,12,15,29.99,,26-14,11380,2,,,은평구,서울특별시
"15,500",직거래,2014,2021,대조동,주주베에이,12,16,12.25,,9-14,11380,11,,,은평구,서울특별시
"67,000",중개거래,1997,2021,대조동,삼성타운,12,17,59.4,서울 은평구,231,11380,16,,,은평구,서울특별시
"42,000",직거래,2021,2021,대조동,대경아르체아파트,12,20,29.99,,26-14,11380,8,,,은평구,서울특별시
"36,800",직거래,2021,2021,대조동,북한산포레스트,12,20,29.02,,179-16,11380,7,,,은평구,서울특별시
"40,500",직거래,2021,2021,대조동,대경아르체아파트,12,28,29.99,,26-14,11380,10,,,은평구,서울특별시
"43,500",직거래,2021,2021,대조동,대경아르체아파트,12,28,29.99,,26-14,11380,2,,,은평구,서울특별시
"30,300",중개거래,2017,2021,대조동,서경아파트,12,31,28.18,서울 은평구,186-21,11380,8,,,은평구,서울특별시
"90,000",중개거래,2020,2021,응암동,백련산에스케이뷰아이파크,12,1,59.8545,서울 은평구,767,11380,14,,,은평구,서울특별시
"104,000",중개거래,2021,2021,응암동,백련산파크자이,12,3,84.669,서울 강서구,766,11380,2,,,은평구,서울특별시
"89,000",중개거래,2018,2021,응암동,백련산힐스테이트4차,12,7,59.98,서울 은평구,764,11380,7,,,은평구,서울특별시
"115,800",중개거래,2020,2021,응암동,백련산에스케이뷰아이파크,12,9,84.9039,서울 은평구,767,11380,15,,,은평구,서울특별시
"99,300",중개거래,2011,2021,응암동,백련산힐스테이트3차,12,14,84.43,서울 은평구,761,11380,2,,,은평구,서울특별시
"97,000",중개거래,2011,2021,응암동,백련산힐스테이트2차,12,16,84.59,서울 은평구,760,11380,2,,,은평구,서울특별시
"88,000",중개거래,2008,2021,응암동,대우푸르지오,12,16,84.2,서울 은평구,176,11380,12,,,은평구,서울특별시
"88,500",중개거래,2018,2021,응암동,백련산힐스테이트4차,12,24,59.98,서울 은평구,764,11380,17,,,은평구,서울특별시
"84,000",중개거래,2011,2021,응암동,백련산힐스테이트3차,12,24,59.63,서울 마포구,761,11380,5,,,은평구,서울특별시
"90,000",중개거래,2018,2021,응암동,백련산힐스테이트4차,12,25,59.98,서울 은평구,764,11380,18,,,은평구,서울특별시
"90,000",중개거래,2020,2021,응암동,백련산에스케이뷰아이파크,12,25,59.8545,서울 은평구,767,11380,6,,,은평구,서울특별시
"27,500",중개거래,2004,2021,응암동,자선메르시안(118-62),12,26,59.49,서울 은평구,118-62,11380,2,,,은평구,서울특별시
"91,300",중개거래,2020,2021,응암동,백련산에스케이뷰아이파크,12,30,59.8545,서울 은평구,767,11380,16,,,은평구,서울특별시
"36,000",중개거래,2018,2021,역촌동,위산엘리시움,12,11,39.26,서울 은평구,17-17,11380,9,,,은평구,서울특별시
"47,500",중개거래,2004,2021,역촌동,두성,12,15,83.93,서울 은평구,21-21,11380,4,,,은평구,서울특별시
"52,000",중개거래,2018,2021,역촌동,위산엘리시움,12,26,52.49,서울 은평구,17-17,11380,4,,,은평구,서울특별시
"32,000",중개거래,2008,2021,신사동,신아,12,1,53.61,서울 은평구,6-5,11380,7,,,은평구,서울특별시
"50,000",중개거래,1988,2021,신사동,신성,12,12,61.32,서울 은평구,155-1,11380,13,,,은평구,서울특별시
"72,700",중개거래,1997,2021,신사동,현대1,12,21,84.17,서울 은평구,359,11380,3,,,은평구,서울특별시
"69,700",중개거래,1997,2021,신사동,현대1,12,21,84.17,서울 은평구,359,11380,5,,,은평구,서울특별시
"105,000",중개거래,2008,2021,진관동,은평뉴타운상림마을(롯데캐슬A-12),12,2,84.79,서울 은평구,20,11380,5,,,은평구,서울특별시
"110,500",중개거래,2008,2021,진관동,은평뉴타운상림마을(현대아이파크B-4),12,3,134.91,서울 은평구,6,11380,7,,,은평구,서울특별시
"27,000",직거래,2017,2021,진관동,은평뉴타운솔하임,12,3,19.839,,60,11380,17,,,은평구,서울특별시
"96,000",중개거래,2015,2021,진관동,은평뉴타운기자촌11단지,12,17,84.94,서울 은평구,150,11380,9,,,은평구,서울특별시
"97,000",중개거래,2010,2021,진관동,은평뉴타운구파발(금호어울림10단지),12,22,84.78,서울 은평구,27,11380,6,,,은평구,서울특별시
"129,000",중개거래,2009,2021,진관동,은평뉴타운우물골(두산위브6단지),12,28,101.42,서울 은평구,81,11380,3,,,은평구,서울특별시
"35,500",직거래,2021,2021,효제동,이지마루종로,12,2,25.55,,126-2,11110,15,,,종로구,서울특별시
"34,800",직거래,2021,2021,효제동,이지마루종로,12,9,24.44,,126-2,11110,13,,,종로구,서울특별시
"46,500",직거래,2021,2021,효제동,이지마루종로,12,24,26.65,,126-2,11110,12,,,종로구,서울특별시
"112,000",중개거래,1995,2021,명륜2가,아남1,12,15,84.9,서울 종로구,4,11110,19,,,종로구,서울특별시
"114,000",중개거래,1995,2021,명륜2가,아남1,12,15,84.9,서울 종로구,4,11110,19,22.02.28,O,종로구,서울특별시
"111,500",중개거래,1995,2021,명륜2가,아남1,12,20,84.9,서울 종로구,4,11110,17,,,종로구,서울특별시
"74,000",중개거래,1999,2021,창신동,두산,12,6,84.9,경기 광주시,232,11110,11,,,종로구,서울특별시
"82,000",중개거래,1999,2021,창신동,두산,12,13,59.95,서울 종로구,232,11110,2,,,종로구,서울특별시
"79,500",중개거래,1999,2021,창신동,두산,12,18,59.95,서울 종로구,232,11110,1,,,종로구,서울특별시
"10,500",직거래,2012,2021,숭인동,삼전솔하임2차,12,1,15,,296-19,11110,9,,,종로구,서울특별시
"13,000",중개거래,2013,2021,숭인동,종로중흥S클래스,12,7,17.811,서울 종로구,202-3,11110,12,,,종로구,서울특별시
"11,000",중개거래,2013,2021,숭인동,종로동광모닝스카이,12,9,15.855,서울 종로구,1421-1,11110,15,,,종로구,서울특별시
"10,900",중개거래,2012,2021,숭인동,삼전솔하임2차,12,27,16.67,서울 중구,296-19,11110,5,,,종로구,서울특별시
"209,000",중개거래,2017,2021,평동,경희궁자이(3단지),12,11,84.8359,서울 종로구,233,11110,6,,,종로구,서울특별시
"190,500",중개거래,2017,2021,홍파동,경희궁자이(2단지),12,29,77.974,서울 종로구,199,11110,10,,,종로구,서울특별시
"80,000",중개거래,2017,2021,교북동,경희궁자이(4단지),12,15,33.982,서울 종로구,126,11110,6,,,종로구,서울특별시
"135,000",중개거래,2009,2021,평창동,엘리시아,12,7,236.07,"서울 마포구, 서울 종로구",66-1,11110,4,,,종로구,서울특별시
"138,000",중개거래,2019,2021,무악동,경희궁롯데캐슬,12,13,59.6737,서울 종로구,89,11110,13,,,종로구,서울특별시
"175,000",중개거래,2010,2021,회현동1가,남산SKLEADERSVIEW,12,13,137.53,서울 중구,206,11140,17,,,중구,서울특별시
"45,000",중개거래,1975,2021,회현동1가,삼풍,12,16,47.54,서울 중구,146-1,11140,9,,,중구,서울특별시
"45,500",중개거래,2018,2021,충무로5가,충무로헤센스마트,12,31,40.65,"서울 중구, 서울 중랑구",90,11140,6,,,중구,서울특별시
"45,500",중개거래,2018,2021,충무로5가,충무로헤센스마트,12,31,40.65,서울 중구,90,11140,6,22.01.19,O,중구,서울특별시
"89,500",중개거래,1999,2021,예장동,삼익,12,23,115.17,서울 중구,9,11140,1,,,중구,서울특별시
"15,000",직거래,2020,2021,오장동,오렌지카운티을지로,12,27,12.43,,145-1,11140,14,,,중구,서울특별시
"129,000",중개거래,2011,2021,신당동,청구e편한세상,12,1,59.89,서울 중구,852,11140,3,,,중구,서울특별시
"146,000",중개거래,2002,2021,신당동,남산타운,12,11,84.88,서울 중구,844,11140,6,,,중구,서울특별시
"116,000",중개거래,2002,2021,신당동,남산타운,12,11,59.94,서울 중구,844,11140,11,,,중구,서울특별시
"27,100",직거래,2021,2021,신당동,약수역더시티,12,20,20.73,,857,11140,11,,,중구,서울특별시
"119,000",중개거래,2002,2021,신당동,남산타운,12,21,59.94,서울 중구,844,11140,17,,,중구,서울특별시
"20,000",직거래,2001,2021,신당동,스위스빌라,12,30,52.09,,432-2000,11140,1,,,중구,서울특별시
"99,300",중개거래,2008,2021,황학동,롯데캐슬,12,3,59.91,서울 성동구,2545,11140,24,,,중구,서울특별시
"120,000",중개거래,2010,2021,황학동,황학아크로타워,12,4,109.146,서울 강동구,2523,11140,6,,,중구,서울특별시
"28,500",직거래,2017,2021,황학동,골드캐슬Ⅲ,12,9,33.47,,1743,11140,13,,,중구,서울특별시
"32,300",중개거래,2017,2021,황학동,골드캐슬Ⅲ,12,15,32.75,서울 중구,1743,11140,10,,,중구,서울특별시
"80,000",중개거래,2016,2021,순화동,덕수궁롯데캐슬,12,2,42.3686,서울 중구,217,11140,5,,,중구,서울특별시
"183,000",중개거래,2017,2021,만리동2가,서울역센트럴자이,12,14,84.9791,서울 마포구,176-1,11140,14,22.04.07,O,중구,서울특별시
"83,000",중개거래,2000,2021,면목동,두산4,12,4,84.86,서울 중랑구,1522,11260,2,,,중랑구,서울특별시
"104,500",중개거래,2020,2021,면목동,라온프라이빗,12,4,59.9855,서울 중랑구,1544,11260,7,,,중랑구,서울특별시
"80,500",중개거래,1992,2021,면목동,용마금호타운,12,10,84.9,서울 노원구,494,11260,9,,,중랑구,서울특별시
"60,500",중개거래,2004,2021,면목동,온세솔내움,12,11,69.6946,서울 중랑구,1524,11260,2,,,중랑구,서울특별시
"60,000",중개거래,2003,2021,면목동,세모하이츠(B),12,11,76.38,서울 노원구,132-64,11260,4,,,중랑구,서울특별시
"37,000",직거래,2006,2021,면목동,용마,12,13,76.08,,354-12,11260,2,,,중랑구,서울특별시
"54,800",중개거래,1996,2021,면목동,형진,12,15,59.94,서울 동대문구,1512,11260,4,,,중랑구,서울특별시
"85,000",중개거래,1997,2021,면목동,면목삼익아파트,12,20,84.99,"서울 강남구, 서울 중랑구",1516,11260,8,,,중랑구,서울특별시
"51,500",중개거래,2005,2021,면목동,포인트아파트비동,12,27,83.2,서울 중랑구,142-8,11260,4,,,중랑구,서울특별시
"17,900",중개거래,2015,2021,면목동,건원베스트원,12,30,17.43,서울 중랑구,105-4,11260,12,,,중랑구,서울특별시
"10,700",중개거래,2014,2021,상봉동,포시티,12,5,14.855,서울 중랑구,113-1,11260,5,,,중랑구,서울특별시
"72,200",중개거래,1996,2021,상봉동,건영2차아파트,12,6,57.3,서울 중랑구,63,11260,10,,,중랑구,서울특별시
"12,400",중개거래,2015,2021,상봉동,주함해븐타워,12,12,14.55,서울 중랑구,115-61,11260,14,,,중랑구,서울특별시
"10,000",중개거래,2014,2021,상봉동,포시티,12,21,14.855,서울 중랑구,113-1,11260,16,,,중랑구,서울특별시
"122,000",중개거래,2013,2021,상봉동,프레미어스엠코,12,24,101.08,서울 중랑구,500,11260,28,,,중랑구,서울특별시
"83,000",중개거래,1997,2021,상봉동,건영1,12,25,84.96,서울 중랑구,1,11260,6,,,중랑구,서울특별시
"41,000",중개거래,2003,2021,상봉동,동성네스트빌1동,12,27,71.1,서울 중랑구,32-1,11260,3,,,중랑구,서울특별시
"96,000",중개거래,2013,2021,중화동,동양엔파트2차,12,4,84.87,서울 중랑구,454,11260,7,,,중랑구,서울특별시
"77,500",중개거래,2004,2021,중화동,청원다미소,12,4,84.82,서울 중랑구,286-22,11260,10,,,중랑구,서울특별시
"32,500",직거래,2004,2021,중화동,한솔e(B동),12,13,82.65,,19-3,11260,3,,,중랑구,서울특별시
"69,500",중개거래,2004,2021,중화동,청원다미소,12,31,84.77,서울 중랑구,286-22,11260,5,,,중랑구,서울특별시
"110,000",중개거래,2017,2021,묵동,이편한세상화랑대,12,12,84.834,서울 중랑구,396,11260,9,,,중랑구,서울특별시
"102,000",중개거래,2010,2021,묵동,묵동자이(1단지),12,14,111.32,서울 중랑구,164-4,11260,21,,,중랑구,서울특별시
"101,500",중개거래,2017,2021,묵동,이편한세상화랑대,12,15,59.953,서울 중랑구,396,11260,14,22.02.28,O,중랑구,서울특별시
"30,000",직거래,1998,2021,묵동,신도,12,22,30.81,,167,11260,22,,,중랑구,서울특별시
"52,500",중개거래,1996,2021,묵동,신내,12,23,39.84,서울 중랑구,13,11260,5,,,중랑구,서울특별시
"114,000",중개거래,2017,2021,묵동,이편한세상화랑대,12,26,84.834,서울 중랑구,396,11260,12,,,중랑구,서울특별시
"105,000",중개거래,1995,2021,묵동,신내대림아파트,12,31,102.7,서울 중랑구,20,11260,4,,,중랑구,서울특별시
"49,300",중개거래,1999,2021,망우동,신원,12,7,59.62,"서울 성동구, 서울 중랑구",573,11260,11,,,중랑구,서울특별시
"39,000",중개거래,1988,2021,망우동,대보,12,10,44.01,서울 중랑구,236-7,11260,5,,,중랑구,서울특별시
"29,400",중개거래,2002,2021,망우동,현대,12,10,51.69,서울 중랑구,508-17,11260,3,,,중랑구,서울특별시
"47,500",중개거래,2004,2021,망우동,예성그린캐슬,12,15,58.9,서울 중랑구,577,11260,3,,,중랑구,서울특별시
"85,000",중개거래,2012,2021,망우동,중랑숲리가,12,16,84.956,서울 중랑구,583,11260,11,,,중랑구,서울특별시
"50,000",중개거래,1989,2021,망우동,경남,12,19,59.94,서울 중랑구,226,11260,5,,,중랑구,서울특별시
"55,000",중개거래,2005,2021,망우동,한울네세창,12,20,78.75,서울 중랑구,579,11260,6,,,중랑구,서울특별시
"52,000",중개거래,2005,2021,망우동,해오름101동,12,29,84.972,서울 중랑구,508-14,11260,4,,,중랑구,서울특별시
"54,500",중개거래,1996,2021,신내동,신내6대주,12,3,39.84,"서울 도봉구, 서울 중랑구",650,11260,1,,,중랑구,서울특별시
"40,000",중개거래,1996,2021,신내동,신내9진흥,12,3,33.18,서울 중랑구,657,11260,4,,,중랑구,서울특별시
"74,850",중개거래,1998,2021,신내동,새한,12,4,84.4,서울 중랑구,795,11260,5,,,중랑구,서울특별시
"58,500",중개거래,1997,2021,신내동,동성3,12,5,59.4,서울 중랑구,618,11260,1,,,중랑구,서울특별시
"72,000",중개거래,1996,2021,신내동,신내6대주,12,7,59.76,"서울 노원구, 서울 중랑구",650,11260,8,,,중랑구,서울특별시
"92,500",중개거래,1997,2021,신내동,동성3,12,8,134.88,"경기 구리시, 서울 중랑구",618,11260,10,,,중랑구,서울특별시
"44,000",중개거래,1996,2021,신내동,신내9진흥,12,17,33.18,서울 중랑구,657,11260,11,,,중랑구,서울특별시
"69,000",중개거래,2010,2021,신내동,데시앙,12,18,59.99,서울 중랑구,317,11260,1,,,중랑구,서울특별시
"75,500",중개거래,1996,2021,신내동,신내6대주,12,20,59.76,서울 중랑구,650,11260,7,,,중랑구,서울특별시
"42,400",중개거래,1996,2021,신내동,신내9진흥,12,23,33.18,서울 중랑구,657,11260,15,,,중랑구,서울특별시
